,id,price,qty,qty_1,qty_2,quoteQty,quoteQty_1,quoteQty_2,isBuyerMaker,time
0,24905386,0.77,64.93,64.9,65.0,49.9961,50.0,50.0,False,1718068068648
1,24905387,0.77,219.92,219.9,220.0,169.3384,169.34,169.0,False,1718068069907
2,24905388,0.77,1129.64,1129.6,1130.0,869.8228,869.82,870.0,False,1718068074587
3,24905389,0.77,629.72,629.7,630.0,484.8844,484.88,485.0,False,1718068074587
4,24905390,0.77,319.66,319.7,320.0,246.1382,246.14,246.0,False,1718068074587
5,24905391,0.77,2259.08,2259.1,2259.0,1739.4916,1739.49,1739.0,False,1718068074587
6,24905392,0.77,116.9,116.9,117.0,90.013,90.01,90.0,False,1718068074587
7,24905393,0.77,410.83,410.8,411.0,316.3391,316.34,316.0,False,1718068074587
8,24905394,0.77,12.97,13.0,13.0,9.9869,9.99,10.0,False,1718068074587
9,24905395,0.77,12.97,13.0,13.0,9.9869,9.99,10.0,False,1718068074587
10,24905396,0.77,38.92,38.9,39.0,29.9684,29.97,30.0,False,1718068074587
11,24905397,0.77,12.97,13.0,13.0,9.9869,9.99,10.0,False,1718068074587
12,24905398,0.77,77.92,77.9,78.0,59.9984,60.0,60.0,False,1718068074587
13,24905399,0.77,146.42,146.4,146.0,112.7434,112.74,113.0,False,1718068074587
14,24905400,0.77,1871.0,1871.0,1871.0,1440.67,1440.67,1441.0,False,1718068074590
15,24905401,0.77,1231.02,1231.0,1231.0,947.8854,947.89,948.0,False,1718068074591
16,24905402,0.77,29.4,29.4,29.0,22.638,22.64,23.0,False,1718068074591
17,24905403,0.77,246.0,246.0,246.0,189.42,189.42,189.0,True,1718068081196
18,24905404,0.77,281.73,281.7,282.0,216.9321,216.93,217.0,True,1718068081196
19,24905405,0.77,159.83,159.8,160.0,123.0691,123.07,123.0,True,1718068081196
20,24905406,0.77,2259.08,2259.1,2259.0,1739.4916,1739.49,1739.0,True,1718068081196
21,24905407,0.77,986.18,986.2,986.0,759.3586,759.36,759.0,True,1718068081196
22,24905408,0.77,629.72,629.7,630.0,484.8844,484.88,485.0,True,1718068081196
23,24905409,0.77,1183.36,1183.4,1183.0,911.1872,911.19,911.0,True,1718068081196
24,24905410,0.77,12.97,13.0,13.0,9.9869,9.99,10.0,True,1718068081196
25,24905411,0.77,1240.79,1240.8,1241.0,955.4083,955.41,955.0,True,1718068081196
26,24905412,0.77,39.34,39.3,39.0,30.2918,30.29,30.0,True,1718068081196
27,24905413,0.77,1222.36,1222.4,1222.0,941.2172,941.22,941.0,True,1718068081201
28,24905414,0.77,1361.64,1361.6,1362.0,1048.4628,1048.46,1048.0,True,1718068081201
29,24905415,0.77,1886.8,1886.8,1887.0,1452.836,1452.84,1453.0,True,1718068081202
30,24905416,0.77,53.35,53.4,53.0,41.0795,41.08,41.0,True,1718068081202
31,24905417,0.77,629.72,629.7,630.0,484.8844,484.88,485.0,False,1718068094257
32,24905418,0.77,2244.28,2244.3,2244.0,1728.0956,1728.1,1728.0,False,1718068094257
33,24905419,0.77,14.8,14.8,15.0,11.396,11.4,11.0,False,1718068094258
34,24905420,0.77,986.18,986.2,986.0,759.3586,759.36,759.0,False,1718068094258
35,24905421,0.77,527.73,527.7,528.0,406.3521,406.35,406.0,False,1718068094258
36,24905422,0.77,1183.36,1183.4,1183.0,911.1872,911.19,911.0,False,1718068094258
37,24905423,0.77,15.23,15.2,15.0,11.7271,11.73,12.0,False,1718068094258
38,24905424,0.77,239.74,239.7,240.0,184.5998,184.6,185.0,False,1718068094258
39,24905425,0.77,155.94,155.9,156.0,120.0738,120.07,120.0,False,1718068094258
40,24905426,0.77,12.97,13.0,13.0,9.9869,9.99,10.0,False,1718068094258
41,24905427,0.77,28.0,28.0,28.0,21.56,21.56,22.0,False,1718068094258
42,24905428,0.77,389.35,389.4,389.0,299.7995,299.8,300.0,False,1718068094258
43,24905429,0.77,1324.7,1324.7,1325.0,1020.019,1020.02,1020.0,False,1718068094258
44,24905430,0.77,1923.74,1923.7,1924.0,1481.2798,1481.28,1481.0,False,1718068094261
45,24905431,0.77,763.95,764.0,764.0,588.2415,588.24,588.0,False,1718068094261
46,24905432,0.77,8.09,8.1,8.0,6.2293,6.23,6.0,False,1718068094261
47,24905433,0.77,373.8,373.8,374.0,287.826,287.83,288.0,False,1718068094261
48,24905434,0.77,1205.09,1205.1,1205.0,927.9193,927.92,928.0,True,1718068095890
49,24905435,0.77,520.0,520.0,520.0,400.4,400.4,400.0,True,1718068104287
50,24905436,0.77,449.0,449.0,449.0,345.73,345.73,346.0,True,1718068111358
51,24905437,0.771,11.51,11.5,12.0,8.87421,8.87,9.0,False,1718068111956
52,24905438,0.77,3411.14,3411.1,3411.0,2626.5778,2626.58,2627.0,True,1718068115422
53,24905439,0.77,1131.11,1131.1,1131.0,870.9547,870.95,871.0,True,1718068115422
54,24905440,0.77,225.22,225.2,225.0,173.4194,173.42,173.0,True,1718068115422
55,24905441,0.77,119.87,119.9,120.0,92.2999,92.3,92.0,True,1718068115422
56,24905442,0.77,1605.45,1605.4,1605.0,1236.1965,1236.2,1236.0,True,1718068115422
57,24905443,0.77,653.63,653.6,654.0,503.2951,503.3,503.0,True,1718068117473
58,24905444,0.77,1183.36,1183.4,1183.0,911.1872,911.19,911.0,True,1718068117473
59,24905445,0.77,527.73,527.7,528.0,406.3521,406.35,406.0,True,1718068117473
60,24905446,0.77,1000.0,1000.0,1000.0,770.0,770.0,770.0,True,1718068117473
61,24905447,0.77,629.72,629.7,630.0,484.8844,484.88,485.0,True,1718068117473
62,24905448,0.77,986.18,986.2,986.0,759.3586,759.36,759.0,True,1718068117473
63,24905449,0.77,1304.0,1304.0,1304.0,1004.08,1004.08,1004.0,True,1718068117473
64,24905450,0.771,154.77,154.8,155.0,119.32767,119.33,119.0,False,1718068117565
65,24905451,0.77,129.88,129.9,130.0,100.0076,100.01,100.0,True,1718068119491
66,24905452,0.77,129.88,129.9,130.0,100.0076,100.01,100.0,True,1718068121542
67,24905453,0.77,129.88,129.9,130.0,100.0076,100.01,100.0,True,1718068123585
68,24905454,0.771,7.97,8.0,8.0,6.14487,6.14,6.0,False,1718068132141
69,24905455,0.771,47.51,47.5,48.0,36.63021,36.63,37.0,False,1718068140342
70,24905456,0.77,12.97,13.0,13.0,9.9869,9.99,10.0,True,1718068140890
71,24905457,0.77,830.19,830.2,830.0,639.2463,639.25,639.0,True,1718068140890
72,24905458,0.77,74.87,74.9,75.0,57.6499,57.65,58.0,True,1718068140890
73,24905459,0.77,360.26,360.3,360.0,277.4002,277.4,277.0,True,1718068140890
74,24905460,0.77,766.36,766.4,766.0,590.0972,590.1,590.0,True,1718068140890
75,24905461,0.77,616.52,616.5,617.0,474.7204,474.72,475.0,True,1718068140890
76,24905462,0.77,878.31,878.3,878.0,676.2987,676.3,676.0,True,1718068140890
77,24905463,0.77,1457.47,1457.5,1457.0,1122.2519,1122.25,1122.0,True,1718068140890
78,24905464,0.77,1094.48,1094.5,1094.0,842.7496,842.75,843.0,True,1718068140890
79,24905465,0.77,1662.19,1662.2,1662.0,1279.8863,1279.89,1280.0,True,1718068140890
80,24905466,0.77,1000.0,1000.0,1000.0,770.0,770.0,770.0,True,1718068140893
81,24905467,0.77,255.12,255.1,255.0,196.4424,196.44,196.0,True,1718068140894
82,24905468,0.77,500.0,500.0,500.0,385.0,385.0,385.0,True,1718068140894
83,24905469,0.77,100.0,100.0,100.0,77.0,77.0,77.0,True,1718068140894
84,24905470,0.77,10.84,10.8,11.0,8.3468,8.35,8.0,True,1718068140894
85,24905471,0.77,20.0,20.0,20.0,15.4,15.4,15.0,True,1718068140894
86,24905472,0.77,12.97,13.0,13.0,9.9869,9.99,10.0,True,1718068140894
87,24905473,0.77,1298.7,1298.7,1299.0,999.999,1000.0,1000.0,True,1718068140894
88,24905474,0.77,655.42,655.4,655.0,504.6734,504.67,505.0,True,1718068140894
89,24905475,0.77,7.48,7.5,7.0,5.7596,5.76,6.0,True,1718068140894
90,24905476,0.77,77.92,77.9,78.0,59.9984,60.0,60.0,False,1718068140936
91,24905477,0.77,27.52,27.5,28.0,21.1904,21.19,21.0,False,1718068146720
92,24905478,0.77,20.87,20.9,21.0,16.0699,16.07,16.0,False,1718068148966
93,24905479,0.77,25.0,25.0,25.0,19.25,19.25,19.0,False,1718068149013
94,24905480,0.77,64.93,64.9,65.0,49.9961,50.0,50.0,False,1718068156989
95,24905481,0.77,71.81,71.8,72.0,55.2937,55.29,55.0,False,1718068157565
96,24905482,0.77,82.53,82.5,83.0,63.5481,63.55,64.0,False,1718068161842
97,24905483,0.77,100.0,100.0,100.0,77.0,77.0,77.0,False,1718068180743
98,24905484,0.769,114.45,114.4,114.0,88.01205,88.01,88.0,True,1718068184664
99,24905485,0.77,45.45,45.4,45.0,34.9965,35.0,35.0,False,1718068188247
100,24905486,0.77,132.72,132.7,133.0,102.1944,102.19,102.0,False,1718068199037
101,24905487,0.769,97.4,97.4,97.0,74.9006,74.9,75.0,True,1718068202141
102,24905488,0.769,328.85,328.8,329.0,252.88565,252.89,253.0,True,1718068203334
103,24905489,0.769,31.0,31.0,31.0,23.839,23.84,24.0,True,1718068211224
104,24905490,0.77,1129.64,1129.6,1130.0,869.8228,869.82,870.0,False,1718068217430
105,24905491,0.77,629.72,629.7,630.0,484.8844,484.88,485.0,False,1718068217430
106,24905492,0.77,527.73,527.7,528.0,406.3521,406.35,406.0,False,1718068217430
107,24905493,0.77,574.38,574.4,574.0,442.2726,442.27,442.0,False,1718068217430
108,24905494,0.77,1684.7,1684.7,1685.0,1297.219,1297.22,1297.0,False,1718068217432
109,24905495,0.77,292.42,292.4,292.0,225.1634,225.16,225.0,False,1718068217432
110,24905496,0.77,12.97,13.0,13.0,9.9869,9.99,10.0,False,1718068217432
111,24905497,0.77,10.84,10.8,11.0,8.3468,8.35,8.0,False,1718068217432
112,24905498,0.77,3248.25,3248.2,3248.0,2501.1525,2501.15,2501.0,False,1718068217432
113,24905499,0.77,625.39,625.4,625.0,481.5503,481.55,482.0,False,1718068217432
114,24905500,0.77,519.48,519.5,519.0,399.9996,400.0,400.0,False,1718068217432
115,24905501,0.77,89.67,89.7,90.0,69.0459,69.05,69.0,False,1718068217432
116,24905502,0.77,1268.28,1268.3,1268.0,976.5756,976.58,977.0,False,1718068217432
117,24905503,0.77,2584.94,2584.9,2585.0,1990.4038,1990.4,1990.0,False,1718068217434
118,24905504,0.77,89.72,89.7,90.0,69.0844,69.08,69.0,False,1718068218992
119,24905505,0.77,52.27,52.3,52.0,40.2479,40.25,40.0,False,1718068218992
120,24905506,0.77,89.67,89.7,90.0,69.0459,69.05,69.0,False,1718068218992
121,24905507,0.77,1131.11,1131.1,1131.0,870.9547,870.95,871.0,False,1718068218992
122,24905508,0.77,2513.23,2513.2,2513.0,1935.1871,1935.19,1935.0,False,1718068218992
123,24905509,0.77,735.02,735.0,735.0,565.9654,565.97,566.0,False,1718068219001
124,24905510,0.77,89.67,89.7,90.0,69.0459,69.05,69.0,False,1718068219001
125,24905511,0.77,1131.11,1131.1,1131.0,870.9547,870.95,871.0,False,1718068219001
126,24905512,0.77,89.67,89.7,90.0,69.0459,69.05,69.0,False,1718068219001
127,24905513,0.77,89.67,89.7,90.0,69.0459,69.05,69.0,False,1718068219001
128,24905514,0.77,89.67,89.7,90.0,69.0459,69.05,69.0,False,1718068219001
129,24905515,0.77,89.67,89.7,90.0,69.0459,69.05,69.0,False,1718068219001
130,24905516,0.77,89.67,89.7,90.0,69.0459,69.05,69.0,False,1718068219001
131,24905517,0.77,34.29,34.3,34.0,26.4033,26.4,26.0,False,1718068219001
132,24905518,0.77,55.38,55.4,55.0,42.6426,42.64,43.0,False,1718068219099
133,24905519,0.77,50.62,50.6,51.0,38.9774,38.98,39.0,False,1718068219099
134,24905520,0.77,39.0,39.0,39.0,30.03,30.03,30.0,False,1718068219102
135,24905521,0.77,3472.18,3472.2,3472.0,2673.5786,2673.58,2674.0,True,1718068236835
136,24905522,0.77,1131.11,1131.1,1131.0,870.9547,870.95,871.0,True,1718068236835
137,24905523,0.77,318.75,318.8,319.0,245.4375,245.44,245.0,True,1718068236835
138,24905524,0.77,775.5,775.5,776.0,597.135,597.14,597.0,True,1718068236835
139,24905525,0.77,12.97,13.0,13.0,9.9869,9.99,10.0,True,1718068236835
140,24905526,0.77,2048.24,2048.2,2048.0,1577.1448,1577.14,1577.0,True,1718068236835
141,24905527,0.77,606.69,606.7,607.0,467.1513,467.15,467.0,True,1718068236835
142,24905528,0.77,10.86,10.9,11.0,8.3622,8.36,8.0,True,1718068236835
143,24905529,0.77,3248.24,3248.2,3248.0,2501.1448,2501.14,2501.0,True,1718068236835
144,24905530,0.77,3.46,3.5,3.0,2.6642,2.66,3.0,True,1718068236835
145,24905531,0.77,6.26,6.3,6.0,4.8202,4.82,5.0,True,1718068236839
146,24905532,0.77,124.0,124.0,124.0,95.48,95.48,95.0,True,1718068236839
147,24905533,0.77,625.39,625.4,625.0,481.5503,481.55,482.0,True,1718068236839
148,24905534,0.77,447.98,448.0,448.0,344.9446,344.94,345.0,True,1718068236839
149,24905535,0.77,22.41,22.4,22.0,17.2557,17.26,17.0,True,1718068236839
150,24905536,0.77,1948.05,1948.0,1948.0,1499.9985,1500.0,1500.0,False,1718068241385
151,24905537,0.77,1415.58,1415.6,1416.0,1089.9966,1090.0,1090.0,False,1718068245071
152,24905538,0.77,761.21,761.2,761.0,586.1317,586.13,586.0,False,1718068252391
153,24905539,0.77,45.45,45.4,45.0,34.9965,35.0,35.0,False,1718068252651
154,24905540,0.77,986.18,986.2,986.0,759.3586,759.36,759.0,False,1718068258255
155,24905541,0.77,567.27,567.3,567.0,436.7979,436.8,437.0,False,1718068258255
156,24905542,0.77,159.37,159.4,159.0,122.7149,122.71,123.0,False,1718068258255
157,24905543,0.77,146.21,146.2,146.0,112.5817,112.58,113.0,False,1718068258255
158,24905544,0.77,12.97,13.0,13.0,9.9869,9.99,10.0,False,1718068258255
159,24905545,0.77,625.39,625.4,625.0,481.5503,481.55,482.0,False,1718068258255
160,24905546,0.77,10.86,10.9,11.0,8.3622,8.36,8.0,False,1718068258255
161,24905547,0.77,3248.21,3248.2,3248.0,2501.1217,2501.12,2501.0,False,1718068258255
162,24905548,0.77,10.31,10.3,10.0,7.9387,7.94,8.0,False,1718068258255
163,24905549,0.77,10.67,10.7,11.0,8.2159,8.22,8.0,False,1718068258255
164,24905550,0.77,55.03,55.0,55.0,42.3731,42.37,42.0,False,1718068258255
165,24905551,0.77,23.8,23.8,24.0,18.326,18.33,18.0,False,1718068258255
166,24905552,0.77,1000.0,1000.0,1000.0,770.0,770.0,770.0,True,1718068267550
167,24905553,0.77,129.64,129.6,130.0,99.8228,99.82,100.0,True,1718068267554
168,24905554,0.77,527.73,527.7,528.0,406.3521,406.35,406.0,True,1718068267554
169,24905555,0.77,2259.08,2259.1,2259.0,1739.4916,1739.49,1739.0,True,1718068267554
170,24905556,0.77,629.72,629.7,630.0,484.8844,484.88,485.0,True,1718068267554
171,24905557,0.77,1561.97,1562.0,1562.0,1202.7169,1202.72,1203.0,True,1718068267554
172,24905558,0.77,748.13,748.1,748.0,576.0601,576.06,576.0,True,1718068267554
173,24905559,0.77,797.77,797.8,798.0,614.2829,614.28,614.0,True,1718068267556
174,24905560,0.77,12.97,13.0,13.0,9.9869,9.99,10.0,True,1718068267556
175,24905561,0.77,78.08,78.1,78.0,60.1216,60.12,60.0,True,1718068267556
176,24905562,0.77,1695.73,1695.7,1696.0,1305.7121,1305.71,1306.0,True,1718068267556
177,24905563,0.77,1000.0,1000.0,1000.0,770.0,770.0,770.0,True,1718068267559
178,24905564,0.77,552.48,552.5,552.0,425.4096,425.41,425.0,True,1718068267562
179,24905565,0.77,25.0,25.0,25.0,19.25,19.25,19.0,True,1718068267562
180,24905566,0.77,12.98,13.0,13.0,9.9946,9.99,10.0,False,1718068269913
181,24905567,0.77,2259.08,2259.1,2259.0,1739.4916,1739.49,1739.0,False,1718068270730
182,24905568,0.77,152.79,152.8,153.0,117.6483,117.65,118.0,False,1718068270730
183,24905569,0.77,1527.34,1527.3,1527.0,1176.0518,1176.05,1176.0,False,1718068270730
184,24905570,0.77,155.94,155.9,156.0,120.0738,120.07,120.0,False,1718068270730
185,24905571,0.77,15.23,15.2,15.0,11.7271,11.73,12.0,False,1718068270730
186,24905572,0.77,1079.72,1079.7,1080.0,831.3844,831.38,831.0,False,1718068270730
187,24905573,0.77,204.9,204.9,205.0,157.773,157.77,158.0,False,1718068270730
188,24905574,0.77,12.97,13.0,13.0,9.9869,9.99,10.0,False,1718068270734
189,24905575,0.77,771.64,771.6,772.0,594.1628,594.16,594.0,False,1718068270734
190,24905576,0.77,3248.2,3248.2,3248.0,2501.114,2501.11,2501.0,False,1718068270734
191,24905577,0.77,40.8,40.8,41.0,31.416,31.42,31.0,True,1718068295597
192,24905578,0.77,35.59,35.6,36.0,27.4043,27.4,27.0,True,1718068302086
193,24905579,0.77,44.09,44.1,44.0,33.9493,33.95,34.0,True,1718068302086
194,24905580,0.771,1128.18,1128.2,1128.0,869.82678,869.83,870.0,False,1718068338687
195,24905581,0.771,707.46,707.5,707.0,545.45166,545.45,545.0,False,1718068338687
196,24905582,0.771,557.95,558.0,558.0,430.17945,430.18,430.0,False,1718068338690
197,24905583,0.771,625.39,625.4,625.0,482.17569,482.18,482.0,False,1718068338690
198,24905584,0.771,648.56,648.6,649.0,500.03976,500.04,500.0,False,1718068338690
199,24905585,0.771,389.35,389.4,389.0,300.18885,300.19,300.0,False,1718068338690
200,24905586,0.771,87.15,87.2,87.0,67.19265,67.19,67.0,False,1718068338690
201,24905587,0.771,87.15,87.2,87.0,67.19265,67.19,67.0,False,1718068338690
202,24905588,0.771,87.15,87.2,87.0,67.19265,67.19,67.0,False,1718068338690
203,24905589,0.771,87.15,87.2,87.0,67.19265,67.19,67.0,False,1718068338690
204,24905590,0.771,87.15,87.2,87.0,67.19265,67.19,67.0,False,1718068338690
205,24905591,0.771,87.15,87.2,87.0,67.19265,67.19,67.0,False,1718068338690
206,24905592,0.771,87.15,87.2,87.0,67.19265,67.19,67.0,False,1718068338690
207,24905593,0.771,87.15,87.2,87.0,67.19265,67.19,67.0,False,1718068338690
208,24905594,0.771,87.15,87.2,87.0,67.19265,67.19,67.0,False,1718068338690
209,24905595,0.771,87.06,87.1,87.0,67.12326,67.12,67.0,False,1718068338690
210,24905596,0.771,1129.64,1129.6,1130.0,870.95244,870.95,871.0,True,1718068340544
211,24905597,0.771,194.28,194.3,194.0,149.78988,149.79,150.0,True,1718068340544
212,24905598,0.771,1128.18,1128.2,1128.0,869.82678,869.83,870.0,True,1718068340544
213,24905599,0.771,629.72,629.7,630.0,485.51412,485.51,486.0,True,1718068340544
214,24905600,0.771,1137.65,1137.6,1138.0,877.12815,877.13,877.0,True,1718068340544
215,24905601,0.772,483.1,483.1,483.0,372.9532,372.95,373.0,False,1718068341665
216,24905602,0.772,11.98,12.0,12.0,9.24856,9.25,9.0,False,1718068348550
217,24905603,0.772,39.31,39.3,39.0,30.34732,30.35,30.0,False,1718068358355
218,24905604,0.771,7.02,7.0,7.0,5.41242,5.41,5.0,True,1718068365063
219,24905605,0.772,2019.73,2019.7,2020.0,1559.23156,1559.23,1559.0,False,1718068378267
220,24905606,0.772,480.87,480.9,481.0,371.23164,371.23,371.0,False,1718068378267
221,24905607,0.772,2151.5,2151.5,2152.0,1660.958,1660.96,1661.0,False,1718068378267
222,24905608,0.772,300.51,300.5,301.0,231.99372,231.99,232.0,False,1718068378267
223,24905609,0.772,1393.45,1393.4,1393.0,1075.7434,1075.74,1076.0,False,1718068378267
224,24905610,0.772,10.53,10.5,11.0,8.12916,8.13,8.0,False,1718068380688
225,24905611,0.772,11.51,11.5,12.0,8.88572,8.89,9.0,False,1718068380688
226,24905612,0.772,777.2,777.2,777.0,599.9984,600.0,600.0,False,1718068380688
227,24905613,0.772,89.47,89.5,89.0,69.07084,69.07,69.0,False,1718068380688
228,24905614,0.772,31.8,31.8,32.0,24.5496,24.55,25.0,False,1718068380688
229,24905615,0.772,1018.37,1018.4,1018.0,786.18164,786.18,786.0,False,1718068380688
230,24905616,0.772,500.0,500.0,500.0,386.0,386.0,386.0,False,1718068381269
231,24905617,0.772,89.47,89.5,89.0,69.07084,69.07,69.0,False,1718068381270
232,24905618,0.772,1128.18,1128.2,1128.0,870.95496,870.95,871.0,False,1718068381270
233,24905619,0.772,89.47,89.5,89.0,69.07084,69.07,69.0,False,1718068381270
234,24905620,0.772,89.47,89.5,89.0,69.07084,69.07,69.0,False,1718068381270
235,24905621,0.772,89.47,89.5,89.0,69.07084,69.07,69.0,False,1718068381270
236,24905622,0.772,89.47,89.5,89.0,69.07084,69.07,69.0,False,1718068381270
237,24905623,0.772,89.47,89.5,89.0,69.07084,69.07,69.0,False,1718068381270
238,24905624,0.772,89.47,89.5,89.0,69.07084,69.07,69.0,False,1718068381270
239,24905625,0.772,89.47,89.5,89.0,69.07084,69.07,69.0,False,1718068381270
240,24905626,0.772,89.44,89.4,89.0,69.04768,69.05,69.0,False,1718068381270
241,24905627,0.773,3142.05,3142.0,3142.0,2428.80465,2428.8,2429.0,False,1718068386161
242,24905628,0.773,10.0,10.0,10.0,7.73,7.73,8.0,False,1718068391450
243,24905629,0.773,394.06,394.1,394.0,304.60838,304.61,305.0,False,1718068391737
244,24905630,0.773,8.57,8.6,9.0,6.62461,6.62,7.0,False,1718068394373
245,24905631,0.773,89.38,89.4,89.0,69.09074,69.09,69.0,False,1718068394373
246,24905632,0.773,1128.18,1128.2,1128.0,872.08314,872.08,872.0,False,1718068394373
247,24905633,0.773,89.38,89.4,89.0,69.09074,69.09,69.0,False,1718068394373
248,24905634,0.773,89.38,89.4,89.0,69.09074,69.09,69.0,False,1718068394373
249,24905635,0.773,89.38,89.4,89.0,69.09074,69.09,69.0,False,1718068394373
250,24905636,0.773,89.38,89.4,89.0,69.09074,69.09,69.0,False,1718068394373
251,24905637,0.773,89.38,89.4,89.0,69.09074,69.09,69.0,False,1718068394373
252,24905638,0.773,89.38,89.4,89.0,69.09074,69.09,69.0,False,1718068394373
253,24905639,0.773,89.38,89.4,89.0,69.09074,69.09,69.0,False,1718068394373
254,24905640,0.773,89.38,89.4,89.0,69.09074,69.09,69.0,False,1718068394373
255,24905641,0.773,89.35,89.4,89.0,69.06755,69.07,69.0,False,1718068394373
256,24905642,0.773,527.73,527.7,528.0,407.93529,407.94,408.0,True,1718068394557
257,24905643,0.773,993.03,993.0,993.0,767.61219,767.61,768.0,True,1718068394557
258,24905644,0.773,1266.05,1266.0,1266.0,978.65665,978.66,979.0,True,1718068394557
259,24905645,0.773,308.28,308.3,308.0,238.30044,238.3,238.0,True,1718068394557
260,24905646,0.773,812.43,812.4,812.0,628.00839,628.01,628.0,True,1718068394557
261,24905647,0.773,1938.24,1938.2,1938.0,1498.25952,1498.26,1498.0,True,1718068394560
262,24905648,0.773,484.88,484.9,485.0,374.81224,374.81,375.0,True,1718068394560
263,24905649,0.773,12.91,12.9,13.0,9.97943,9.98,10.0,True,1718068394560
264,24905650,0.773,64.63,64.6,65.0,49.95899,49.96,50.0,True,1718068394560
265,24905651,0.773,154.14,154.1,154.0,119.15022,119.15,119.0,False,1718068394964
266,24905652,0.773,629.72,629.7,630.0,486.77356,486.77,487.0,False,1718068394964
267,24905653,0.773,1432.37,1432.4,1432.0,1107.22201,1107.22,1107.0,False,1718068394964
268,24905654,0.773,527.73,527.7,528.0,407.93529,407.94,408.0,False,1718068394964
269,24905655,0.773,1296.34,1296.3,1296.0,1002.07082,1002.07,1002.0,False,1718068394964
270,24905656,0.773,1488.69,1488.7,1489.0,1150.75737,1150.76,1151.0,False,1718068394964
271,24905657,0.773,286.01,286.0,286.0,221.08573,221.09,221.0,False,1718068394964
272,24905658,0.773,12.91,12.9,13.0,9.97943,9.98,10.0,False,1718068394968
273,24905659,0.773,1126.72,1126.7,1127.0,870.95456,870.95,871.0,False,1718068394976
274,24905660,0.773,1126.72,1126.7,1127.0,870.95456,870.95,871.0,True,1718068396881
275,24905661,0.773,154.14,154.1,154.0,119.15022,119.15,119.0,True,1718068396881
276,24905662,0.773,1123.8,1123.8,1124.0,868.6974,868.7,869.0,True,1718068396881
277,24905663,0.773,421.34,421.3,421.0,325.69582,325.7,326.0,True,1718068396881
278,24905664,0.773,106.39,106.4,106.0,82.23947,82.24,82.0,True,1718068396881
279,24905665,0.773,629.72,629.7,630.0,486.77356,486.77,487.0,True,1718068396881
280,24905666,0.773,313.89,313.9,314.0,242.63697,242.64,243.0,True,1718068396881
281,24905667,0.773,1945.19,1945.2,1945.0,1503.63187,1503.63,1504.0,True,1718068396883
282,24905668,0.773,77.07,77.1,77.0,59.57511,59.58,60.0,True,1718068396883
283,24905669,0.773,64.63,64.6,65.0,49.95899,49.96,50.0,True,1718068396883
284,24905670,0.773,12.91,12.9,13.0,9.97943,9.98,10.0,True,1718068396883
285,24905671,0.773,1263.09,1263.1,1263.0,976.36857,976.37,976.0,True,1718068396883
286,24905672,0.773,775.14,775.1,775.0,599.18322,599.18,599.0,True,1718068396883
287,24905673,0.773,2159.75,2159.8,2160.0,1669.48675,1669.49,1669.0,True,1718068396883
288,24905674,0.773,1075.8,1075.8,1076.0,831.5934,831.59,832.0,True,1718068396884
289,24905675,0.773,79.0,79.0,79.0,61.067,61.07,61.0,True,1718068396884
290,24905676,0.773,776.19,776.2,776.0,599.99487,599.99,600.0,True,1718068396884
291,24905677,0.773,1125.26,1125.3,1125.0,869.82598,869.83,870.0,False,1718068396915
292,24905678,0.773,629.72,629.7,630.0,486.77356,486.77,487.0,False,1718068396915
293,24905679,0.773,288.8,288.8,289.0,223.2424,223.24,223.0,False,1718068396915
294,24905680,0.773,1125.26,1125.3,1125.0,869.82598,869.83,870.0,False,1718068396915
295,24905681,0.773,2259.08,2259.1,2259.0,1746.26884,1746.27,1746.0,False,1718068396915
296,24905682,0.773,77.07,77.1,77.0,59.57511,59.58,60.0,False,1718068396915
297,24905683,0.773,1183.36,1183.4,1183.0,914.73728,914.74,915.0,False,1718068396915
298,24905684,0.773,527.73,527.7,528.0,407.93529,407.94,408.0,False,1718068396915
299,24905685,0.773,1000.0,1000.0,1000.0,773.0,773.0,773.0,False,1718068396915
300,24905686,0.773,8658.0,8658.0,8658.0,6692.634,6692.63,6693.0,False,1718068396915
301,24905687,0.773,300.49,300.5,300.0,232.27877,232.28,232.0,False,1718068396915
302,24905688,0.773,38.54,38.5,39.0,29.79142,29.79,30.0,False,1718068396915
303,24905689,0.773,12.91,12.9,13.0,9.97943,9.98,10.0,False,1718068396915
304,24905690,0.773,2261.59,2261.6,2262.0,1748.20907,1748.21,1748.0,False,1718068396915
305,24905691,0.773,278.0,278.0,278.0,214.894,214.89,215.0,False,1718068396915
306,24905692,0.774,23.35,23.4,23.0,18.0729,18.07,18.0,False,1718068424749
307,24905693,0.774,91.19,91.2,91.0,70.58106,70.58,71.0,False,1718068440741
308,24905694,0.774,200.94,200.9,201.0,155.52756,155.53,156.0,False,1718068442400
309,24905695,0.774,300.0,300.0,300.0,232.2,232.2,232.0,False,1718068442400
310,24905696,0.774,7.32,7.3,7.0,5.66568,5.67,6.0,False,1718068442400
311,24905697,0.774,47.71,47.7,48.0,36.92754,36.93,37.0,False,1718068442400
312,24905698,0.774,7.13,7.1,7.0,5.51862,5.52,6.0,False,1718068450697
313,24905699,0.774,8603.16,8603.2,8603.0,6658.84584,6658.85,6659.0,False,1718068451948
314,24905700,0.774,3048.13,3048.1,3048.0,2359.25262,2359.25,2359.0,False,1718068451948
315,24905701,0.774,625.39,625.4,625.0,484.05186,484.05,484.0,False,1718068451948
316,24905702,0.774,2554.3,2554.3,2554.0,1977.0282,1977.03,1977.0,False,1718068451948
317,24905703,0.774,1322.3,1322.3,1322.0,1023.4602,1023.46,1023.0,False,1718068451948
318,24905704,0.774,7.68,7.7,8.0,5.94432,5.94,6.0,False,1718068451948
319,24905705,0.774,43.7,43.7,44.0,33.8238,33.82,34.0,False,1718068451948
320,24905706,0.774,3250.04,3250.0,3250.0,2515.53096,2515.53,2516.0,False,1718068451948
321,24905707,0.774,1324.52,1324.5,1325.0,1025.17848,1025.18,1025.0,False,1718068451948
322,24905708,0.774,258.39,258.4,258.0,199.99386,199.99,200.0,False,1718068455028
323,24905709,0.774,625.22,625.2,625.0,483.92028,483.92,484.0,False,1718068457583
324,24905710,0.774,807.12,807.1,807.0,624.71088,624.71,625.0,False,1718068457583
325,24905711,0.774,16.74,16.7,17.0,12.95676,12.96,13.0,False,1718068457583
326,24905712,0.774,70.0,70.0,70.0,54.18,54.18,54.0,False,1718068458039
327,24905713,0.774,2267.09,2267.1,2267.0,1754.72766,1754.73,1755.0,False,1718068458329
328,24905714,0.774,316.88,316.9,317.0,245.26512,245.27,245.0,False,1718068458329
329,24905715,0.774,1051.89,1051.9,1052.0,814.16286,814.16,814.0,False,1718068462893
330,24905716,0.773,22.05,22.0,22.0,17.04465,17.04,17.0,True,1718068466653
331,24905717,0.774,9.9,9.9,10.0,7.6626,7.66,8.0,False,1718068467614
332,24905718,0.773,8.73,8.7,9.0,6.74829,6.75,7.0,True,1718068475053
333,24905719,0.774,792.84,792.8,793.0,613.65816,613.66,614.0,False,1718068477586
334,24905720,0.774,15.17,15.2,15.0,11.74158,11.74,12.0,False,1718068477586
335,24905721,0.774,155.23,155.2,155.0,120.14802,120.15,120.0,False,1718068477586
336,24905722,0.774,139.0,139.0,139.0,107.586,107.59,108.0,False,1718068477586
337,24905723,0.774,24.91,24.9,25.0,19.28034,19.28,19.0,False,1718068477586
338,24905724,0.774,89.42,89.4,89.0,69.21108,69.21,69.0,False,1718068477586
339,24905725,0.774,47.94,47.9,48.0,37.10556,37.11,37.0,False,1718068477586
340,24905726,0.774,487.53,487.5,488.0,377.34822,377.35,377.0,False,1718068477586
341,24905727,0.774,15.33,15.3,15.0,11.86542,11.87,12.0,False,1718068477586
342,24905728,0.774,1569.5,1569.5,1570.0,1214.793,1214.79,1215.0,False,1718068477586
343,24905729,0.774,2509.39,2509.4,2509.0,1942.26786,1942.27,1942.0,False,1718068477586
344,24905730,0.774,357.2,357.2,357.0,276.4728,276.47,276.0,False,1718068477586
345,24905731,0.774,1656.18,1656.2,1656.0,1281.88332,1281.88,1282.0,False,1718068477586
346,24905732,0.774,1578.17,1578.2,1578.0,1221.50358,1221.5,1222.0,False,1718068477587
347,24905733,0.774,2297.83,2297.8,2298.0,1778.52042,1778.52,1779.0,False,1718068477587
348,24905734,0.774,29.21,29.2,29.0,22.60854,22.61,23.0,False,1718068477589
349,24905735,0.774,74.3,74.3,74.0,57.5082,57.51,58.0,False,1718068477589
350,24905736,0.774,89.42,89.4,89.0,69.21108,69.21,69.0,False,1718068477589
351,24905737,0.774,89.42,89.4,89.0,69.21108,69.21,69.0,False,1718068477589
352,24905738,0.774,89.42,89.4,89.0,69.21108,69.21,69.0,False,1718068477589
353,24905739,0.774,89.42,89.4,89.0,69.21108,69.21,69.0,False,1718068477589
354,24905740,0.774,89.42,89.4,89.0,69.21108,69.21,69.0,False,1718068477589
355,24905741,0.774,89.42,89.4,89.0,69.21108,69.21,69.0,False,1718068477589
356,24905742,0.774,89.42,89.4,89.0,69.21108,69.21,69.0,False,1718068477589
357,24905743,0.774,89.42,89.4,89.0,69.21108,69.21,69.0,False,1718068477589
358,24905744,0.774,89.33,89.3,89.0,69.14142,69.14,69.0,False,1718068477589
359,24905745,0.774,7.76,7.8,8.0,6.00624,6.01,6.0,True,1718068477595
360,24905746,0.774,7.76,7.8,8.0,6.00624,6.01,6.0,True,1718068477596
361,24905747,0.774,7.76,7.8,8.0,6.00624,6.01,6.0,True,1718068477599
362,24905748,0.774,7.76,7.8,8.0,6.00624,6.01,6.0,True,1718068477599
363,24905749,0.774,7.76,7.8,8.0,6.00624,6.01,6.0,True,1718068477602
364,24905750,0.774,10.58,10.6,11.0,8.18892,8.19,8.0,True,1718068477603
365,24905751,0.774,7.32,7.3,7.0,5.66568,5.67,6.0,True,1718068478293
366,24905752,0.774,223.0,223.0,223.0,172.602,172.6,173.0,True,1718068481075
367,24905753,0.774,406.72,406.7,407.0,314.80128,314.8,315.0,True,1718068481076
368,24905754,0.774,1125.26,1125.3,1125.0,870.95124,870.95,871.0,True,1718068481076
369,24905755,0.774,1125.26,1125.3,1125.0,870.95124,870.95,871.0,True,1718068481076
370,24905756,0.774,527.73,527.7,528.0,408.46302,408.46,408.0,True,1718068481076
371,24905757,0.774,468.03,468.0,468.0,362.25522,362.26,362.0,True,1718068481076
372,24905758,0.775,42.72,42.7,43.0,33.108,33.11,33.0,False,1718068481223
373,24905759,0.774,1791.05,1791.0,1791.0,1386.2727,1386.27,1386.0,True,1718068481651
374,24905760,0.774,260.01,260.0,260.0,201.24774,201.25,201.0,True,1718068481651
375,24905761,0.774,625.39,625.4,625.0,484.05186,484.05,484.0,True,1718068481651
376,24905762,0.774,64.5,64.5,64.0,49.923,49.92,50.0,True,1718068481651
377,24905763,0.774,12.9,12.9,13.0,9.9846,9.98,10.0,True,1718068481651
378,24905764,0.774,3231.37,3231.4,3231.0,2501.08038,2501.08,2501.0,True,1718068481651
379,24905765,0.774,344.5,344.5,344.0,266.643,266.64,267.0,True,1718068481651
380,24905766,0.773,190.0,190.0,190.0,146.87,146.87,147.0,True,1718068481673
381,24905767,0.773,12.63,12.6,13.0,9.76299,9.76,10.0,True,1718068491210
382,24905768,0.774,1900.88,1900.9,1901.0,1471.28112,1471.28,1471.0,False,1718068493339
383,24905769,0.774,629.72,629.7,630.0,487.40328,487.4,487.0,False,1718068493339
384,24905770,0.774,527.73,527.7,528.0,408.46302,408.46,408.0,False,1718068493339
385,24905771,0.774,12.9,12.9,13.0,9.9846,9.98,10.0,False,1718068493339
386,24905772,0.774,69.5,69.5,70.0,53.793,53.79,54.0,False,1718068493339
387,24905773,0.774,622.03,622.0,622.0,481.45122,481.45,481.0,False,1718068493339
388,24905774,0.774,19.1,19.1,19.0,14.7834,14.78,15.0,False,1718068493339
389,24905775,0.774,740.96,741.0,741.0,573.50304,573.5,574.0,False,1718068493339
390,24905776,0.774,598.23,598.2,598.0,463.03002,463.03,463.0,False,1718068493340
391,24905777,0.774,303.41,303.4,303.0,234.83934,234.84,235.0,False,1718068493340
392,24905778,0.774,1000.0,1000.0,1000.0,774.0,774.0,774.0,False,1718068493361
393,24905779,0.774,588.77,588.8,589.0,455.70798,455.71,456.0,False,1718068493361
394,24905780,0.774,813.6,813.6,814.0,629.7264,629.73,630.0,False,1718068493361
395,24905781,0.774,15.16,15.2,15.0,11.73384,11.73,12.0,False,1718068493361
396,24905782,0.774,356.2,356.2,356.0,275.6988,275.7,276.0,False,1718068493361
397,24905783,0.774,629.72,629.7,630.0,487.40328,487.4,487.0,True,1718068493614
398,24905784,0.774,629.72,629.7,630.0,487.40328,487.4,487.0,True,1718068493614
399,24905785,0.774,64.55,64.6,65.0,49.9617,49.96,50.0,True,1718068493614
400,24905786,0.774,64.49,64.5,64.0,49.91526,49.92,50.0,True,1718068493614
401,24905787,0.774,10.8,10.8,11.0,8.3592,8.36,8.0,True,1718068493614
402,24905788,0.774,539.45,539.4,539.0,417.5343,417.53,418.0,True,1718068493614
403,24905789,0.775,65.03,65.0,65.0,50.39825,50.4,50.0,False,1718068495262
404,24905790,0.774,9.08,9.1,9.0,7.02792,7.03,7.0,True,1718068498547
405,24905791,0.774,3.82,3.8,4.0,2.95668,2.96,3.0,True,1718068504914
406,24905792,0.774,8.6,8.6,9.0,6.6564,6.66,7.0,True,1718068504914
407,24905793,0.775,14.12,14.1,14.0,10.943,10.94,11.0,False,1718068509606
408,24905794,0.775,20.87,20.9,21.0,16.17425,16.17,16.0,False,1718068517248
409,24905795,0.774,722.99,723.0,723.0,559.59426,559.59,560.0,True,1718068517753
410,24905796,0.774,2844.51,2844.5,2845.0,2201.65074,2201.65,2202.0,True,1718068541734
411,24905797,0.774,775.41,775.4,775.0,600.16734,600.17,600.0,True,1718068546842
412,24905798,0.774,3231.37,3231.4,3231.0,2501.08038,2501.08,2501.0,True,1718068553418
413,24905799,0.774,625.39,625.4,625.0,484.05186,484.05,484.0,True,1718068553418
414,24905800,0.774,12.9,12.9,13.0,9.9846,9.98,10.0,True,1718068553418
415,24905801,0.774,641.48,641.5,641.0,496.50552,496.51,497.0,True,1718068553418
416,24905802,0.774,193.79,193.8,194.0,149.99346,149.99,150.0,True,1718068553418
417,24905803,0.774,64.59,64.6,65.0,49.99266,49.99,50.0,True,1718068553418
418,24905804,0.774,463.46,463.5,463.0,358.71804,358.72,359.0,True,1718068553418
419,24905805,0.774,502.93,502.9,503.0,389.26782,389.27,389.0,True,1718068553418
420,24905806,0.774,516.79,516.8,517.0,399.99546,400.0,400.0,True,1718068553418
421,24905807,0.774,789.31,789.3,789.0,610.92594,610.93,611.0,True,1718068553418
422,24905808,0.774,1962.18,1962.2,1962.0,1518.72732,1518.73,1519.0,True,1718068553418
423,24905809,0.774,321.08,321.1,321.0,248.51592,248.52,249.0,True,1718068553418
424,24905810,0.774,590.37,590.4,590.0,456.94638,456.95,457.0,True,1718068553418
425,24905811,0.774,659.0,659.0,659.0,510.066,510.07,510.0,False,1718068555072
426,24905812,0.774,87.51,87.5,88.0,67.73274,67.73,68.0,False,1718068555072
427,24905813,0.774,440.22,440.2,440.0,340.73028,340.73,341.0,False,1718068559536
428,24905814,0.774,135.05,135.0,135.0,104.5287,104.53,105.0,False,1718068559536
429,24905815,0.774,575.27,575.3,575.0,445.25898,445.26,445.0,False,1718068561537
430,24905816,0.774,549.12,549.1,549.0,425.01888,425.02,425.0,False,1718068562536
431,24905817,0.774,26.15,26.2,26.0,20.2401,20.24,20.0,False,1718068562536
432,24905818,0.774,12.9,12.9,13.0,9.9846,9.98,10.0,False,1718068569251
433,24905819,0.773,891.85,891.8,892.0,689.40005,689.4,689.0,True,1718068573974
434,24905820,0.773,115.6,115.6,116.0,89.3588,89.36,89.0,True,1718068573974
435,24905821,0.773,2259.08,2259.1,2259.0,1746.26884,1746.27,1746.0,True,1718068573974
436,24905822,0.773,135.65,135.6,136.0,104.85745,104.86,105.0,True,1718068573974
437,24905823,0.773,392.08,392.1,392.0,303.07784,303.08,303.0,True,1718068588913
438,24905824,0.773,735.25,735.2,735.0,568.34825,568.35,568.0,True,1718068588913
439,24905825,0.773,760.44,760.4,760.0,587.82012,587.82,588.0,True,1718068588913
440,24905826,0.773,593.29,593.3,593.0,458.61317,458.61,459.0,True,1718068588913
441,24905827,0.773,1146.57,1146.6,1147.0,886.29861,886.3,886.0,True,1718068588913
442,24905828,0.773,493.94,493.9,494.0,381.81562,381.82,382.0,True,1718068588913
443,24905829,0.773,625.39,625.4,625.0,483.42647,483.43,483.0,True,1718068588913
444,24905830,0.773,1854.69,1854.7,1855.0,1433.67537,1433.68,1434.0,True,1718068588913
445,24905831,0.773,1229.66,1229.7,1230.0,950.52718,950.53,951.0,True,1718068588913
446,24905832,0.773,293.16,293.2,293.0,226.61268,226.61,227.0,True,1718068588918
447,24905833,0.773,25.71,25.7,26.0,19.87383,19.87,20.0,True,1718068588918
448,24905834,0.773,467.31,467.3,467.0,361.23063,361.23,361.0,True,1718068588918
449,24905835,0.773,1305.13,1305.1,1305.0,1008.86549,1008.87,1009.0,True,1718068588919
450,24905836,0.773,185.49,185.5,185.0,143.38377,143.38,143.0,True,1718068588919
451,24905837,0.773,168.66,168.7,169.0,130.37418,130.37,130.0,True,1718068588920
452,24905838,0.773,15.13,15.1,15.0,11.69549,11.7,12.0,True,1718068588984
453,24905839,0.773,154.92,154.9,155.0,119.75316,119.75,120.0,True,1718068588984
454,24905840,0.773,374.94,374.9,375.0,289.82862,289.83,290.0,True,1718068588984
455,24905841,0.773,513.89,513.9,514.0,397.23697,397.24,397.0,True,1718068588988
456,24905842,0.773,120.74,120.7,121.0,93.33202,93.33,93.0,True,1718068588990
457,24905843,0.773,527.95,528.0,528.0,408.10535,408.11,408.0,True,1718068588990
458,24905844,0.773,52.75,52.8,53.0,40.77575,40.78,41.0,True,1718068588990
459,24905845,0.773,12.91,12.9,13.0,9.97943,9.98,10.0,True,1718068588990
460,24905846,0.773,2774.35,2774.4,2774.0,2144.57255,2144.57,2145.0,True,1718068588990
461,24905847,0.773,9515.0,9515.0,9515.0,7355.095,7355.1,7355.0,True,1718068588992
462,24905848,0.773,7780.0,7780.0,7780.0,6013.94,6013.94,6014.0,True,1718068588994
463,24905849,0.773,1005.98,1006.0,1006.0,777.62254,777.62,778.0,True,1718068588994
464,24905850,0.773,445.88,445.9,446.0,344.66524,344.67,345.0,True,1718068588995
465,24905851,0.773,1000.0,1000.0,1000.0,773.0,773.0,773.0,True,1718068589000
466,24905852,0.774,1086.21,1086.2,1086.0,840.72654,840.73,841.0,False,1718068589748
467,24905853,0.774,1000.0,1000.0,1000.0,774.0,774.0,774.0,False,1718068589748
468,24905854,0.774,2079.47,2079.5,2079.0,1609.50978,1609.51,1610.0,False,1718068589748
469,24905855,0.773,488.46,488.5,488.0,377.57958,377.58,378.0,True,1718068602981
470,24905856,0.773,323.54,323.5,324.0,250.09642,250.1,250.0,True,1718068603030
471,24905857,0.773,588.23,588.2,588.0,454.70179,454.7,455.0,True,1718068603043
472,24905858,0.773,398.58,398.6,399.0,308.10234,308.1,308.0,True,1718068603045
473,24905859,0.773,323.4,323.4,323.0,249.9882,249.99,250.0,True,1718068603082
474,24905860,0.773,368.19,368.2,368.0,284.61087,284.61,285.0,True,1718068603084
475,24905861,0.773,323.54,323.5,324.0,250.09642,250.1,250.0,True,1718068603360
476,24905862,0.774,359.27,359.3,359.0,278.07498,278.07,278.0,False,1718068603784
477,24905863,0.774,286.72,286.7,287.0,221.92128,221.92,222.0,False,1718068603784
478,24905864,0.773,20.01,20.0,20.0,15.46773,15.47,15.0,True,1718068605859
479,24905865,0.774,39.9,39.9,40.0,30.8826,30.88,31.0,False,1718068606166
480,24905866,0.773,66.79,66.8,67.0,51.62867,51.63,52.0,True,1718068611312
481,24905867,0.774,210.0,210.0,210.0,162.54,162.54,163.0,False,1718068620306
482,24905868,0.774,54.5,54.5,54.0,42.183,42.18,42.0,False,1718068625757
483,24905869,0.774,332.21,332.2,332.0,257.13054,257.13,257.0,False,1718068628451
484,24905870,0.774,3708.79,3708.8,3709.0,2870.60346,2870.6,2871.0,False,1718068628451
485,24905871,0.774,8291.21,8291.2,8291.0,6417.39654,6417.4,6417.0,False,1718068628452
486,24905872,0.774,9.08,9.1,9.0,7.02792,7.03,7.0,False,1718068628452
487,24905873,0.774,12.9,12.9,13.0,9.9846,9.98,10.0,False,1718068628452
488,24905874,0.774,61.23,61.2,61.0,47.39202,47.39,47.0,False,1718068628452
489,24905875,0.774,10.8,10.8,11.0,8.3592,8.36,8.0,False,1718068628452
490,24905876,0.774,658.78,658.8,659.0,509.89572,509.9,510.0,False,1718068628452
491,24905877,0.774,2572.58,2572.6,2573.0,1991.17692,1991.18,1991.0,False,1718068628454
492,24905878,0.774,516.79,516.8,517.0,399.99546,400.0,400.0,False,1718068628454
493,24905879,0.774,625.39,625.4,625.0,484.05186,484.05,484.0,False,1718068628454
494,24905880,0.774,12.91,12.9,13.0,9.99234,9.99,10.0,False,1718068628454
495,24905881,0.774,89.46,89.5,89.0,69.24204,69.24,69.0,False,1718068628454
496,24905882,0.774,89.46,89.5,89.0,69.24204,69.24,69.0,False,1718068628454
497,24905883,0.774,89.46,89.5,89.0,69.24204,69.24,69.0,False,1718068628454
498,24905884,0.774,89.46,89.5,89.0,69.24204,69.24,69.0,False,1718068628454
499,24905885,0.774,89.46,89.5,89.0,69.24204,69.24,69.0,False,1718068628454
500,24905886,0.774,89.46,89.5,89.0,69.24204,69.24,69.0,False,1718068628454
501,24905887,0.774,89.46,89.5,89.0,69.24204,69.24,69.0,False,1718068628454
502,24905888,0.774,89.46,89.5,89.0,69.24204,69.24,69.0,False,1718068628454
503,24905889,0.774,89.46,89.5,89.0,69.24204,69.24,69.0,False,1718068628454
504,24905890,0.774,89.42,89.4,89.0,69.21108,69.21,69.0,False,1718068628454
505,24905891,0.775,10.33,10.3,10.0,8.00575,8.01,8.0,False,1718068641650
506,24905892,0.774,200.0,200.0,200.0,154.8,154.8,155.0,True,1718068644727
507,24905893,0.775,527.43,527.4,527.0,408.75825,408.76,409.0,False,1718068650922
508,24905894,0.775,779.88,779.9,780.0,604.407,604.41,604.0,False,1718068650922
509,24905895,0.775,1596.3,1596.3,1596.0,1237.1325,1237.13,1237.0,False,1718068658578
510,24905896,0.775,18.79,18.8,19.0,14.56225,14.56,15.0,False,1718068658610
511,24905897,0.775,1596.29,1596.3,1596.0,1237.12475,1237.12,1237.0,False,1718068660578
512,24905898,0.775,1596.29,1596.3,1596.0,1237.12475,1237.12,1237.0,False,1718068661578
513,24905899,0.775,75.0,75.0,75.0,58.125,58.12,58.0,False,1718068663529
514,24905900,0.775,64.51,64.5,65.0,49.99525,50.0,50.0,False,1718068664508
515,24905901,0.775,11.11,11.1,11.0,8.61025,8.61,9.0,False,1718068666648
516,24905902,0.775,1290.32,1290.3,1290.0,999.998,1000.0,1000.0,False,1718068685741
517,24905903,0.774,925.26,925.3,925.0,716.15124,716.15,716.0,True,1718068690030
518,24905904,0.774,629.72,629.7,630.0,487.40328,487.4,487.0,True,1718068690030
519,24905905,0.774,2438.0,2438.0,2438.0,1887.012,1887.01,1887.0,True,1718068690030
520,24905906,0.774,1000.0,1000.0,1000.0,774.0,774.0,774.0,True,1718068690030
521,24905907,0.774,527.73,527.7,528.0,408.46302,408.46,408.0,True,1718068690030
522,24905908,0.774,986.18,986.2,986.0,763.30332,763.3,763.0,True,1718068690030
523,24905909,0.774,2259.08,2259.1,2259.0,1748.52792,1748.53,1749.0,True,1718068690030
524,24905910,0.774,1183.36,1183.4,1183.0,915.92064,915.92,916.0,True,1718068690030
525,24905911,0.774,130.0,130.0,130.0,100.62,100.62,101.0,True,1718068690030
526,24905912,0.774,299.5,299.5,300.0,231.813,231.81,232.0,True,1718068690030
527,24905913,0.774,1866.55,1866.6,1867.0,1444.7097,1444.71,1445.0,True,1718068690030
528,24905914,0.775,7.77,7.8,8.0,6.02175,6.02,6.0,False,1718068697749
529,24905915,0.774,111.49,111.5,111.0,86.29326,86.29,86.0,True,1718068709095
530,24905916,0.774,7.87,7.9,8.0,6.09138,6.09,6.0,True,1718068711714
531,24905917,0.775,1342.65,1342.6,1343.0,1040.55375,1040.55,1041.0,False,1718068720652
532,24905918,0.775,279.09,279.1,279.0,216.29475,216.29,216.0,False,1718068722653
533,24905919,0.775,11.51,11.5,12.0,8.92025,8.92,9.0,False,1718068722653
534,24905920,0.775,10.49,10.5,10.0,8.12975,8.13,8.0,False,1718068722653
535,24905921,0.775,6.89,6.9,7.0,5.33975,5.34,5.0,False,1718068722653
536,24905922,0.775,35.97,36.0,36.0,27.87675,27.88,28.0,False,1718068722653
537,24905923,0.775,998.71,998.7,999.0,774.00025,774.0,774.0,False,1718068722653
538,24905924,0.775,299.99,300.0,300.0,232.49225,232.49,232.0,False,1718068723652
539,24905925,0.775,300.0,300.0,300.0,232.5,232.5,232.0,False,1718068723652
540,24905926,0.775,742.67,742.7,743.0,575.56925,575.57,576.0,False,1718068723652
541,24905927,0.774,213.95,214.0,214.0,165.5973,165.6,166.0,True,1718068728065
542,24905928,0.774,166.11,166.1,166.0,128.56914,128.57,129.0,True,1718068733232
543,24905929,0.774,12.9,12.9,13.0,9.9846,9.98,10.0,True,1718068733232
544,24905930,0.774,625.39,625.4,625.0,484.05186,484.05,484.0,True,1718068733232
545,24905931,0.774,3071.6,3071.6,3072.0,2377.4184,2377.42,2377.0,True,1718068733232
546,24905932,0.774,1291.98,1292.0,1292.0,999.99252,999.99,1000.0,True,1718068733333
547,24905933,0.774,169.38,169.4,169.0,131.10012,131.1,131.0,True,1718068733333
548,24905934,0.774,734.63,734.6,735.0,568.60362,568.6,569.0,True,1718068733333
549,24905935,0.774,12.9,12.9,13.0,9.9846,9.98,10.0,True,1718068733333
550,24905936,0.774,11.11,11.1,11.0,8.59914,8.6,9.0,False,1718068743153
551,24905937,0.774,31.19,31.2,31.0,24.14106,24.14,24.0,False,1718068756165
552,24905938,0.774,193.8,193.8,194.0,150.0012,150.0,150.0,False,1718068765754
553,24905939,0.774,33.59,33.6,34.0,25.99866,26.0,26.0,False,1718068767693
554,24905940,0.773,256.0,256.0,256.0,197.888,197.89,198.0,True,1718068770657
555,24905941,0.773,213.0,213.0,213.0,164.649,164.65,165.0,True,1718068773795
556,24905942,0.774,167.93,167.9,168.0,129.97782,129.98,130.0,False,1718068787336
557,24905943,0.773,2469.66,2469.7,2470.0,1909.04718,1909.05,1909.0,True,1718068789106
558,24905944,0.773,1708.97,1709.0,1709.0,1321.03381,1321.03,1321.0,True,1718068789106
559,24905945,0.773,1423.83,1423.8,1424.0,1100.62059,1100.62,1101.0,True,1718068789106
560,24905946,0.773,621.68,621.7,622.0,480.55864,480.56,481.0,True,1718068789107
561,24905947,0.773,468.0,468.0,468.0,361.764,361.76,362.0,True,1718068789110
562,24905948,0.773,643.0,643.0,643.0,497.039,497.04,497.0,True,1718068789111
563,24905949,0.773,11180.19,11180.2,11180.0,8642.28687,8642.29,8642.0,True,1718068789153
564,24905950,0.773,7293.72,7293.7,7294.0,5638.04556,5638.05,5638.0,True,1718068789156
565,24905951,0.773,1750.28,1750.3,1750.0,1352.96644,1352.97,1353.0,True,1718068789156
566,24905952,0.773,15.13,15.1,15.0,11.69549,11.7,12.0,True,1718068789160
567,24905953,0.773,154.92,154.9,155.0,119.75316,119.75,120.0,True,1718068789160
568,24905954,0.773,394.55,394.6,395.0,304.98715,304.99,305.0,True,1718068789160
569,24905955,0.773,36.21,36.2,36.0,27.99033,27.99,28.0,True,1718068789160
570,24905956,0.773,194.04,194.0,194.0,149.99292,149.99,150.0,True,1718068789160
571,24905957,0.773,9.0,9.0,9.0,6.957,6.96,7.0,True,1718068789160
572,24905958,0.773,12.14,12.1,12.0,9.38422,9.38,9.0,True,1718068789160
573,24905959,0.773,23.75,23.8,24.0,18.35875,18.36,18.0,False,1718068793851
574,24905960,0.772,518.61,518.6,519.0,400.36692,400.37,400.0,True,1718068794742
575,24905961,0.772,42.55,42.6,43.0,32.8486,32.85,33.0,True,1718068796966
576,24905962,0.772,527.73,527.7,528.0,407.40756,407.41,407.0,True,1718068796966
577,24905963,0.772,451.51,451.5,452.0,348.56572,348.57,349.0,True,1718068796966
578,24905964,0.772,147.21,147.2,147.0,113.64612,113.65,114.0,True,1718068797999
579,24905965,0.773,12.23,12.2,12.0,9.45379,9.45,9.0,False,1718068801065
580,24905966,0.773,9.85,9.8,10.0,7.61405,7.61,8.0,False,1718068828168
581,24905967,0.772,616.55,616.6,617.0,475.9766,475.98,476.0,True,1718068834546
582,24905968,0.772,6.48,6.5,6.0,5.00256,5.0,5.0,True,1718068834546
583,24905969,0.772,11.51,11.5,12.0,8.88572,8.89,9.0,True,1718068834546
584,24905970,0.772,10.53,10.5,11.0,8.12916,8.13,8.0,True,1718068834546
585,24905971,0.772,251.17,251.2,251.0,193.90324,193.9,194.0,True,1718068834546
586,24905972,0.772,8658.0,8658.0,8658.0,6683.976,6683.98,6684.0,True,1718068834546
587,24905973,0.772,3239.72,3239.7,3240.0,2501.06384,2501.06,2501.0,True,1718068834546
588,24905974,0.772,1000.0,1000.0,1000.0,772.0,772.0,772.0,True,1718068834546
589,24905975,0.772,341.6,341.6,342.0,263.7152,263.72,264.0,True,1718068834546
590,24905976,0.772,1688.91,1688.9,1689.0,1303.83852,1303.84,1304.0,True,1718068834546
591,24905977,0.772,539.45,539.4,539.0,416.4554,416.46,416.0,True,1718068834546
592,24905978,0.772,300.0,300.0,300.0,231.6,231.6,232.0,True,1718068834546
593,24905979,0.772,824.21,824.2,824.0,636.29012,636.29,636.0,True,1718068834546
594,24905980,0.772,1235.36,1235.4,1235.0,953.69792,953.7,954.0,True,1718068834546
595,24905981,0.772,1557.6,1557.6,1558.0,1202.4672,1202.47,1202.0,True,1718068834546
596,24905982,0.772,336.25,336.2,336.0,259.585,259.58,260.0,True,1718068834546
597,24905983,0.772,625.39,625.4,625.0,482.80108,482.8,483.0,True,1718068834546
598,24905984,0.772,442.0,442.0,442.0,341.224,341.22,341.0,True,1718068834546
599,24905985,0.772,1712.0,1712.0,1712.0,1321.664,1321.66,1322.0,True,1718068834546
600,24905986,0.772,1245.01,1245.0,1245.0,961.14772,961.15,961.0,True,1718068834546
601,24905987,0.772,751.99,752.0,752.0,580.53628,580.54,581.0,True,1718068835909
602,24905988,0.772,371.0,371.0,371.0,286.412,286.41,286.0,True,1718068835909
603,24905989,0.772,2438.18,2438.2,2438.0,1882.27496,1882.27,1882.0,True,1718068835909
604,24905990,0.772,996.0,996.0,996.0,768.912,768.91,769.0,True,1718068835909
605,24905991,0.772,942.0,942.0,942.0,727.224,727.22,727.0,True,1718068835909
606,24905992,0.772,500.0,500.0,500.0,386.0,386.0,386.0,True,1718068835909
607,24905993,0.772,2172.72,2172.7,2173.0,1677.33984,1677.34,1677.0,True,1718068835909
608,24905994,0.772,388.34,388.3,388.0,299.79848,299.8,300.0,True,1718068835909
609,24905995,0.772,4264.55,4264.6,4265.0,3292.2326,3292.23,3292.0,True,1718068835909
610,24905996,0.772,5829.01,5829.0,5829.0,4499.99572,4500.0,4500.0,True,1718068835909
611,24905997,0.772,8658.0,8658.0,8658.0,6683.976,6683.98,6684.0,True,1718068835909
612,24905998,0.772,1000.0,1000.0,1000.0,772.0,772.0,772.0,True,1718068835909
613,24905999,0.772,1560.18,1560.2,1560.0,1204.45896,1204.46,1204.0,True,1718068835909
614,24906000,0.772,300.0,300.0,300.0,231.6,231.6,232.0,True,1718068835909
615,24906001,0.772,3239.72,3239.7,3240.0,2501.06384,2501.06,2501.0,True,1718068835909
616,24906002,0.771,1114.41,1114.4,1114.0,859.21011,859.21,859.0,True,1718068835909
617,24906003,0.771,527.73,527.7,528.0,406.87983,406.88,407.0,True,1718068835909
618,24906004,0.771,1000.0,1000.0,1000.0,771.0,771.0,771.0,True,1718068835909
619,24906005,0.771,908.79,908.8,909.0,700.67709,700.68,701.0,True,1718068835909
620,24906006,0.772,20.87,20.9,21.0,16.11164,16.11,16.0,False,1718068836423
621,24906007,0.771,7749.21,7749.2,7749.0,5974.64091,5974.64,5975.0,True,1718068838162
622,24906008,0.771,3243.97,3244.0,3244.0,2501.10087,2501.1,2501.0,True,1718068838162
623,24906009,0.771,355.91,355.9,356.0,274.40661,274.41,274.0,True,1718068838162
624,24906010,0.771,353.06,353.1,353.0,272.20926,272.21,272.0,True,1718068838162
625,24906011,0.771,1427.96,1428.0,1428.0,1100.95716,1100.96,1101.0,True,1718068838162
626,24906012,0.771,1097.88,1097.9,1098.0,846.46548,846.47,846.0,True,1718068838162
627,24906013,0.771,844.03,844.0,844.0,650.74713,650.75,651.0,True,1718068838162
628,24906014,0.771,129.7,129.7,130.0,99.9987,100.0,100.0,True,1718068838162
629,24906015,0.771,299.51,299.5,300.0,230.92221,230.92,231.0,True,1718068838162
630,24906016,0.771,6.49,6.5,6.0,5.00379,5.0,5.0,True,1718068838162
631,24906017,0.771,64.85,64.8,65.0,49.99935,50.0,50.0,True,1718068838162
632,24906018,0.771,7.32,7.3,7.0,5.64372,5.64,6.0,True,1718068838162
633,24906019,0.771,387.84,387.8,388.0,299.02464,299.02,299.0,True,1718068838162
634,24906020,0.771,606.38,606.4,606.0,467.51898,467.52,468.0,True,1718068838162
635,24906021,0.771,389.1,389.1,389.0,299.9961,300.0,300.0,True,1718068838162
636,24906022,0.771,518.8,518.8,519.0,399.9948,399.99,400.0,True,1718068838162
637,24906023,0.771,64.4,64.4,64.0,49.6524,49.65,50.0,True,1718068838162
638,24906024,0.771,64.33,64.3,64.0,49.59843,49.6,50.0,True,1718068838162
639,24906025,0.771,64.41,64.4,64.0,49.66011,49.66,50.0,True,1718068838162
640,24906026,0.771,1546.12,1546.1,1546.0,1192.05852,1192.06,1192.0,True,1718068838162
641,24906027,0.771,61.0,61.0,61.0,47.031,47.03,47.0,True,1718068838162
642,24906028,0.771,37.0,37.0,37.0,28.527,28.53,29.0,True,1718068838162
643,24906029,0.771,62.0,62.0,62.0,47.802,47.8,48.0,True,1718068838162
644,24906030,0.771,62.0,62.0,62.0,47.802,47.8,48.0,True,1718068838162
645,24906031,0.771,62.0,62.0,62.0,47.802,47.8,48.0,True,1718068838162
646,24906032,0.771,2934.95,2935.0,2935.0,2262.84645,2262.85,2263.0,True,1718068838162
647,24906033,0.771,1331.0,1331.0,1331.0,1026.201,1026.2,1026.0,True,1718068838162
648,24906034,0.771,607.0,607.0,607.0,467.997,468.0,468.0,True,1718068838162
649,24906035,0.771,1000.0,1000.0,1000.0,771.0,771.0,771.0,True,1718068838162
650,24906036,0.771,3112.23,3112.2,3112.0,2399.52933,2399.53,2400.0,True,1718068838162
651,24906037,0.771,804.14,804.1,804.0,619.99194,619.99,620.0,True,1718068838162
652,24906038,0.77,2214.99,2215.0,2215.0,1705.5423,1705.54,1706.0,True,1718068838162
653,24906039,0.77,527.73,527.7,528.0,406.3521,406.35,406.0,True,1718068838162
654,24906040,0.77,4925.31,4925.3,4925.0,3792.4887,3792.49,3792.0,True,1718068838162
655,24906041,0.77,32.31,32.3,32.0,24.8787,24.88,25.0,True,1718068839077
656,24906042,0.771,31.28,31.3,31.0,24.11688,24.12,24.0,False,1718068849789
657,24906043,0.771,64.43,64.4,64.0,49.67553,49.68,50.0,False,1718068856533
658,24906044,0.771,78.72,78.7,79.0,60.69312,60.69,61.0,False,1718068863970
659,24906045,0.771,353.3,353.3,353.0,272.3943,272.39,272.0,False,1718068870629
660,24906046,0.771,68.11,68.1,68.0,52.51281,52.51,53.0,False,1718068870629
661,24906047,0.771,1011.97,1012.0,1012.0,780.22887,780.23,780.0,False,1718068871243
662,24906048,0.771,10.0,10.0,10.0,7.71,7.71,8.0,False,1718068882857
663,24906049,0.771,35.08,35.1,35.0,27.04668,27.05,27.0,False,1718068885149
664,24906050,0.771,1133.92,1133.9,1134.0,874.25232,874.25,874.0,False,1718068890177
665,24906051,0.771,1126.72,1126.7,1127.0,868.70112,868.7,869.0,False,1718068890177
666,24906052,0.771,986.18,986.2,986.0,760.34478,760.34,760.0,False,1718068890177
667,24906053,0.771,629.72,629.7,630.0,485.51412,485.51,486.0,False,1718068890177
668,24906054,0.771,1000.0,1000.0,1000.0,771.0,771.0,771.0,False,1718068890177
669,24906055,0.771,3020.99,3021.0,3021.0,2329.18329,2329.18,2329.0,False,1718068890177
670,24906056,0.771,194.55,194.6,195.0,149.99805,150.0,150.0,False,1718068890334
671,24906057,0.771,25.0,25.0,25.0,19.275,19.27,19.0,False,1718068894429
672,24906058,0.77,312.17,312.2,312.0,240.3709,240.37,240.0,True,1718068897332
673,24906059,0.77,652.83,652.8,653.0,502.6791,502.68,503.0,True,1718068897332
674,24906060,0.77,932.4,932.4,932.0,717.948,717.95,718.0,True,1718068897332
675,24906061,0.77,195.05,195.0,195.0,150.1885,150.19,150.0,True,1718068897332
676,24906062,0.77,739.41,739.4,739.0,569.3457,569.35,569.0,True,1718068897332
677,24906063,0.77,10.0,10.0,10.0,7.7,7.7,8.0,True,1718068897332
678,24906064,0.77,7.68,7.7,8.0,5.9136,5.91,6.0,True,1718068897332
679,24906065,0.77,43.75,43.8,44.0,33.6875,33.69,34.0,True,1718068897332
680,24906066,0.77,1628.71,1628.7,1629.0,1254.1067,1254.11,1254.0,True,1718068897332
681,24906067,0.77,319.34,319.3,319.0,245.8918,245.89,246.0,True,1718068897335
682,24906068,0.77,6.89,6.9,7.0,5.3053,5.31,5.0,True,1718068897335
683,24906069,0.77,36.01,36.0,36.0,27.7277,27.73,28.0,True,1718068897335
684,24906070,0.77,637.76,637.8,638.0,491.0752,491.08,491.0,True,1718068897335
685,24906071,0.77,660.94,660.9,661.0,508.9238,508.92,509.0,True,1718068897335
686,24906072,0.77,388.34,388.3,388.0,299.0218,299.02,299.0,True,1718068897335
687,24906073,0.77,155.62,155.6,156.0,119.8274,119.83,120.0,True,1718068897335
688,24906074,0.77,15.19,15.2,15.0,11.6963,11.7,12.0,True,1718068897335
689,24906075,0.77,194.8,194.8,195.0,149.996,150.0,150.0,True,1718068897335
690,24906076,0.77,389.61,389.6,390.0,299.9997,300.0,300.0,True,1718068897335
691,24906077,0.77,64.8,64.8,65.0,49.896,49.9,50.0,True,1718068897335
692,24906078,0.77,222.25,222.2,222.0,171.1325,171.13,171.0,True,1718068897335
693,24906079,0.77,556.97,557.0,557.0,428.8669,428.87,429.0,True,1718068897336
694,24906080,0.77,75.65,75.6,76.0,58.2505,58.25,58.0,True,1718068897336
695,24906081,0.77,40.76,40.8,41.0,31.3852,31.39,31.0,True,1718068897336
696,24906082,0.77,50.0,50.0,50.0,38.5,38.5,38.0,True,1718068897336
697,24906083,0.77,13.32,13.3,13.0,10.2564,10.26,10.0,False,1718068898652
698,24906084,0.77,629.72,629.7,630.0,484.8844,484.88,485.0,False,1718068899958
699,24906085,0.77,1129.64,1129.6,1130.0,869.8228,869.82,870.0,False,1718068899958
700,24906086,0.77,256.4,256.4,256.0,197.428,197.43,197.0,False,1718068899958
701,24906087,0.77,527.73,527.7,528.0,406.3521,406.35,406.0,False,1718068899958
702,24906088,0.77,2259.08,2259.1,2259.0,1739.4916,1739.49,1739.0,False,1718068899958
703,24906089,0.77,2801.67,2801.7,2802.0,2157.2859,2157.29,2157.0,False,1718068899958
704,24906090,0.77,12.9,12.9,13.0,9.933,9.93,10.0,False,1718068899958
705,24906091,0.77,12.9,12.9,13.0,9.933,9.93,10.0,False,1718068899958
706,24906092,0.77,3248.14,3248.1,3248.0,2501.0678,2501.07,2501.0,False,1718068899958
707,24906093,0.77,12.14,12.1,12.0,9.3478,9.35,9.0,False,1718068899958
708,24906094,0.771,500.0,500.0,500.0,385.5,385.5,386.0,False,1718068899963
709,24906095,0.771,20.78,20.8,21.0,16.02138,16.02,16.0,False,1718068904056
710,24906096,0.771,6.48,6.5,6.0,4.99608,5.0,5.0,False,1718068912554
711,24906097,0.77,37.66,37.7,38.0,28.9982,29.0,29.0,True,1718068915471
712,24906098,0.771,57.01,57.0,57.0,43.95471,43.95,44.0,False,1718068923946
713,24906099,0.771,395.56,395.6,396.0,304.97676,304.98,305.0,False,1718068929715
714,24906100,0.771,395.55,395.6,396.0,304.96905,304.97,305.0,False,1718068931714
715,24906101,0.771,395.55,395.6,396.0,304.96905,304.97,305.0,False,1718068932713
716,24906102,0.771,966.67,966.7,967.0,745.30257,745.3,745.0,False,1718068941793
717,24906103,0.771,2679.86,2679.9,2680.0,2066.17206,2066.17,2066.0,False,1718068941982
718,24906104,0.771,200.63,200.6,201.0,154.68573,154.69,155.0,False,1718068941982
719,24906105,0.771,597.52,597.5,598.0,460.68792,460.69,461.0,False,1718068941982
720,24906106,0.771,4010.25,4010.2,4010.0,3091.90275,3091.9,3092.0,False,1718068941982
721,24906107,0.771,3243.92,3243.9,3244.0,2501.06232,2501.06,2501.0,False,1718068941982
722,24906108,0.771,625.39,625.4,625.0,482.17569,482.18,482.0,False,1718068941982
723,24906109,0.771,587.99,588.0,588.0,453.34029,453.34,453.0,False,1718068941982
724,24906110,0.771,87.27,87.3,87.0,67.28517,67.29,67.0,False,1718068941984
725,24906111,0.771,155.74,155.7,156.0,120.07554,120.08,120.0,False,1718068941984
726,24906112,0.771,633.15,633.2,633.0,488.15865,488.16,488.0,False,1718068941984
727,24906113,0.771,165.84,165.8,166.0,127.86264,127.86,128.0,False,1718068941984
728,24906114,0.771,963.8,963.8,964.0,743.0898,743.09,743.0,False,1718068942068
729,24906115,0.771,87.27,87.3,87.0,67.28517,67.29,67.0,False,1718068942068
730,24906116,0.771,165.84,165.8,166.0,127.86264,127.86,128.0,False,1718068942068
731,24906117,0.771,817.63,817.6,818.0,630.39273,630.39,630.0,False,1718068942068
732,24906118,0.771,64.85,64.8,65.0,49.99935,50.0,50.0,False,1718068942533
733,24906119,0.77,199.13,199.1,199.0,153.3301,153.33,153.0,True,1718068943609
734,24906120,0.771,22.42,22.4,22.0,17.28582,17.29,17.0,False,1718068944511
735,24906121,0.771,11.3,11.3,11.0,8.7123,8.71,9.0,False,1718068944511
736,24906122,0.771,417.3,417.3,417.0,321.7383,321.74,322.0,False,1718068948311
737,24906123,0.771,1520.7,1520.7,1521.0,1172.4597,1172.46,1172.0,False,1718068948311
738,24906124,0.77,8.39,8.4,8.0,6.4603,6.46,6.0,True,1718068950350
739,24906125,0.771,1723.22,1723.2,1723.0,1328.60262,1328.6,1329.0,False,1718068952850
740,24906126,0.771,87.27,87.3,87.0,67.28517,67.29,67.0,False,1718068952850
741,24906127,0.771,199.13,199.1,199.0,153.52923,153.53,154.0,False,1718068952850
742,24906128,0.771,87.27,87.3,87.0,67.28517,67.29,67.0,False,1718068952850
743,24906129,0.771,87.27,87.3,87.0,67.28517,67.29,67.0,False,1718068952850
744,24906130,0.771,87.27,87.3,87.0,67.28517,67.29,67.0,False,1718068952850
745,24906131,0.771,87.27,87.3,87.0,67.28517,67.29,67.0,False,1718068952850
746,24906132,0.771,87.27,87.3,87.0,67.28517,67.29,67.0,False,1718068952850
747,24906133,0.771,87.23,87.2,87.0,67.25433,67.25,67.0,False,1718068952850
748,24906134,0.772,173.28,173.3,173.0,133.77216,133.77,134.0,False,1718068976852
749,24906135,0.772,96.25,96.2,96.0,74.305,74.31,74.0,False,1718068987413
750,24906136,0.772,24.04,24.0,24.0,18.55888,18.56,19.0,False,1718068991753
751,24906137,0.772,38.5,38.5,38.0,29.722,29.72,30.0,False,1718068993739
752,24906138,0.772,19.25,19.2,19.0,14.861,14.86,15.0,False,1718068999099
753,24906139,0.772,15.89,15.9,16.0,12.26708,12.27,12.0,False,1718069001731
754,24906140,0.772,19.82,19.8,20.0,15.30104,15.3,15.0,False,1718069021380
755,24906141,0.772,76.03,76.0,76.0,58.69516,58.7,59.0,False,1718069050139
756,24906142,0.772,906.73,906.7,907.0,699.99556,700.0,700.0,False,1718069053828
757,24906143,0.772,9.62,9.6,10.0,7.42664,7.43,7.0,False,1718069054623
758,24906144,0.772,13.75,13.8,14.0,10.615,10.62,11.0,False,1718069070752
759,24906145,0.772,52.01,52.0,52.0,40.15172,40.15,40.0,False,1718069080245
760,24906146,0.772,9.06,9.1,9.0,6.99432,6.99,7.0,False,1718069083067
761,24906147,0.772,50.0,50.0,50.0,38.6,38.6,39.0,False,1718069083445
762,24906148,0.772,135.83,135.8,136.0,104.86076,104.86,105.0,False,1718069092992
763,24906149,0.772,21.98,22.0,22.0,16.96856,16.97,17.0,False,1718069097937
764,24906150,0.772,576.17,576.2,576.0,444.80324,444.8,445.0,False,1718069131842
765,24906151,0.772,527.73,527.7,528.0,407.40756,407.41,407.0,False,1718069131842
766,24906152,0.772,62.23,62.2,62.0,48.04156,48.04,48.0,False,1718069131842
767,24906153,0.772,1064.49,1064.5,1064.0,821.78628,821.79,822.0,False,1718069131847
768,24906154,0.772,401.26,401.3,401.0,309.77272,309.77,310.0,False,1718069131847
769,24906155,0.772,2297.91,2297.9,2298.0,1773.98652,1773.99,1774.0,False,1718069131847
770,24906156,0.772,15.21,15.2,15.0,11.74212,11.74,12.0,False,1718069131847
771,24906157,0.772,89.58,89.6,90.0,69.15576,69.16,69.0,False,1718069131847
772,24906158,0.772,388.6,388.6,389.0,299.9992,300.0,300.0,False,1718069131847
773,24906159,0.772,194.3,194.3,194.0,149.9996,150.0,150.0,False,1718069131847
774,24906160,0.772,518.13,518.1,518.0,399.99636,400.0,400.0,False,1718069131847
775,24906161,0.772,777.2,777.2,777.0,599.9984,600.0,600.0,False,1718069131847
776,24906162,0.772,89.58,89.6,90.0,69.15576,69.16,69.0,False,1718069131847
777,24906163,0.772,89.58,89.6,90.0,69.15576,69.16,69.0,False,1718069131847
778,24906164,0.772,89.58,89.6,90.0,69.15576,69.16,69.0,False,1718069131847
779,24906165,0.772,89.58,89.6,90.0,69.15576,69.16,69.0,False,1718069131847
780,24906166,0.772,89.58,89.6,90.0,69.15576,69.16,69.0,False,1718069131847
781,24906167,0.772,89.58,89.6,90.0,69.15576,69.16,69.0,False,1718069131847
782,24906168,0.772,89.58,89.6,90.0,69.15576,69.16,69.0,False,1718069131847
783,24906169,0.772,89.58,89.6,90.0,69.15576,69.16,69.0,False,1718069131847
784,24906170,0.772,89.53,89.5,90.0,69.11716,69.12,69.0,False,1718069131847
785,24906171,0.772,151.27,151.3,151.0,116.78044,116.78,117.0,True,1718069132932
786,24906172,0.772,1184.59,1184.6,1185.0,914.50348,914.5,915.0,True,1718069132932
787,24906173,0.772,527.73,527.7,528.0,407.40756,407.41,407.0,True,1718069132932
788,24906174,0.772,2259.08,2259.1,2259.0,1744.00976,1744.01,1744.0,True,1718069132932
789,24906175,0.772,629.72,629.7,630.0,486.14384,486.14,486.0,True,1718069132932
790,24906176,0.772,500.0,500.0,500.0,386.0,386.0,386.0,True,1718069132932
791,24906177,0.772,3239.73,3239.7,3240.0,2501.07156,2501.07,2501.0,True,1718069132932
792,24906178,0.772,12.93,12.9,13.0,9.98196,9.98,10.0,True,1718069132932
793,24906179,0.772,293.72,293.7,294.0,226.75184,226.75,227.0,True,1718069132932
794,24906180,0.772,507.29,507.3,507.0,391.62788,391.63,392.0,True,1718069132936
795,24906181,0.772,129.53,129.5,130.0,99.99716,100.0,100.0,True,1718069132936
796,24906182,0.772,14.46,14.5,14.0,11.16312,11.16,11.0,True,1718069132936
797,24906183,0.772,1183.06,1183.1,1183.0,913.32232,913.32,913.0,True,1718069132936
798,24906184,0.772,20.87,20.9,21.0,16.11164,16.11,16.0,False,1718069133027
799,24906185,0.771,571.93,571.9,572.0,440.95803,440.96,441.0,True,1718069135519
800,24906186,0.771,302.54,302.5,303.0,233.25834,233.26,233.0,True,1718069135519
801,24906187,0.771,283.88,283.9,284.0,218.87148,218.87,219.0,True,1718069135519
802,24906188,0.771,932.58,932.6,933.0,719.01918,719.02,719.0,True,1718069135519
803,24906189,0.772,32.38,32.4,32.0,24.99736,25.0,25.0,False,1718069137440
804,24906190,0.772,1129.8,1129.8,1130.0,872.2056,872.21,872.0,False,1718069144113
805,24906191,0.772,75.64,75.6,76.0,58.39408,58.39,58.0,False,1718069144113
806,24906192,0.772,629.72,629.7,630.0,486.14384,486.14,486.0,False,1718069144113
807,24906193,0.772,128.2,128.2,128.0,98.9704,98.97,99.0,False,1718069144113
808,24906194,0.772,2259.08,2259.1,2259.0,1744.00976,1744.01,1744.0,False,1718069144113
809,24906195,0.772,300.51,300.5,301.0,231.99372,231.99,232.0,False,1718069144113
810,24906196,0.772,527.73,527.7,528.0,407.40756,407.41,407.0,False,1718069144113
811,24906197,0.772,1000.0,1000.0,1000.0,772.0,772.0,772.0,False,1718069144113
812,24906198,0.772,8882.07,8882.1,8882.0,6856.95804,6856.96,6857.0,False,1718069144113
813,24906199,0.772,12.93,12.9,13.0,9.98196,9.98,10.0,False,1718069144117
814,24906200,0.772,1925.73,1925.7,1926.0,1486.66356,1486.66,1487.0,False,1718069144117
815,24906201,0.772,359.0,359.0,359.0,277.148,277.15,277.0,False,1718069144180
816,24906202,0.772,270.0,270.0,270.0,208.44,208.44,208.0,False,1718069144242
817,24906203,0.772,899.42,899.4,899.0,694.35224,694.35,694.0,False,1718069144621
818,24906204,0.772,64.76,64.8,65.0,49.99472,49.99,50.0,False,1718069145074
819,24906205,0.772,240.42,240.4,240.0,185.60424,185.6,186.0,False,1718069149751
820,24906206,0.772,11.57,11.6,12.0,8.93204,8.93,9.0,False,1718069162350
821,24906207,0.771,50.69,50.7,51.0,39.08199,39.08,39.0,True,1718069162799
822,24906208,0.772,383.86,383.9,384.0,296.33992,296.34,296.0,False,1718069171306
823,24906209,0.772,2848.44,2848.4,2848.0,2198.99568,2199.0,2199.0,False,1718069183104
824,24906210,0.772,194.34,194.3,194.0,150.03048,150.03,150.0,False,1718069187057
825,24906211,0.772,50.05,50.0,50.0,38.6386,38.64,39.0,False,1718069211695
826,24906212,0.772,44.96,45.0,45.0,34.70912,34.71,35.0,False,1718069213965
827,24906213,0.772,10.0,10.0,10.0,7.72,7.72,8.0,False,1718069224467
828,24906214,0.772,6252.6,6252.6,6253.0,4827.0072,4827.01,4827.0,False,1718069231389
829,24906215,0.772,3239.56,3239.6,3240.0,2500.94032,2500.94,2501.0,False,1718069231389
830,24906216,0.772,300.0,300.0,300.0,231.6,231.6,232.0,False,1718069231389
831,24906217,0.772,1000.0,1000.0,1000.0,772.0,772.0,772.0,False,1718069231389
832,24906218,0.772,944.83,944.8,945.0,729.40876,729.41,729.0,False,1718069231389
833,24906219,0.773,518.05,518.0,518.0,400.45265,400.45,400.0,False,1718069234736
834,24906220,0.773,35.92,35.9,36.0,27.76616,27.77,28.0,False,1718069263037
835,24906221,0.773,10.68,10.7,11.0,8.25564,8.26,8.0,False,1718069264132
836,24906222,0.773,25.87,25.9,26.0,19.99751,20.0,20.0,False,1718069267957
837,24906223,0.773,15.59,15.6,16.0,12.05107,12.05,12.0,False,1718069270753
838,24906224,0.773,10.33,10.3,10.0,7.98509,7.99,8.0,False,1718069310641
839,24906225,0.773,24.01,24.0,24.0,18.55973,18.56,19.0,False,1718069322464
840,24906226,0.772,629.72,629.7,630.0,486.14384,486.14,486.0,True,1718069327986
841,24906227,0.772,1184.58,1184.6,1185.0,914.49576,914.5,914.0,True,1718069327986
842,24906228,0.772,1184.59,1184.6,1185.0,914.50348,914.5,915.0,True,1718069327986
843,24906229,0.772,527.73,527.7,528.0,407.40756,407.41,407.0,True,1718069327986
844,24906230,0.772,2259.08,2259.1,2259.0,1744.00976,1744.01,1744.0,True,1718069327986
845,24906231,0.772,12.93,12.9,13.0,9.98196,9.98,10.0,True,1718069327986
846,24906232,0.772,66.69,66.7,67.0,51.48468,51.48,51.0,True,1718069327986
847,24906233,0.772,53.32,53.3,53.0,41.16304,41.16,41.0,True,1718069327987
848,24906234,0.772,9.52,9.5,10.0,7.34944,7.35,7.0,True,1718069327989
849,24906235,0.772,2534.69,2534.7,2535.0,1956.78068,1956.78,1957.0,True,1718069327989
850,24906236,0.772,704.84,704.8,705.0,544.13648,544.14,544.0,True,1718069327989
851,24906237,0.772,70.78,70.8,71.0,54.64216,54.64,55.0,True,1718069327989
852,24906238,0.772,10.36,10.4,10.0,7.99792,8.0,8.0,True,1718069327989
853,24906239,0.772,250.0,250.0,250.0,193.0,193.0,193.0,True,1718069327989
854,24906240,0.772,62.0,62.0,62.0,47.864,47.86,48.0,True,1718069327989
855,24906241,0.772,61.0,61.0,61.0,47.092,47.09,47.0,True,1718069327989
856,24906242,0.772,62.0,62.0,62.0,47.864,47.86,48.0,True,1718069327989
857,24906243,0.772,62.0,62.0,62.0,47.864,47.86,48.0,True,1718069327989
858,24906244,0.772,11.1,11.1,11.0,8.5692,8.57,9.0,True,1718069327989
859,24906245,0.772,58.25,58.2,58.0,44.969,44.97,45.0,True,1718069327989
860,24906246,0.771,34.33,34.3,34.0,26.46843,26.47,26.0,True,1718069328041
861,24906247,0.772,28.49,28.5,28.0,21.99428,21.99,22.0,False,1718069339757
862,24906248,0.771,35.72,35.7,36.0,27.54012,27.54,28.0,True,1718069359689
863,24906249,0.772,25.91,25.9,26.0,20.00252,20.0,20.0,False,1718069364255
864,24906250,0.772,1125.48,1125.5,1125.0,868.87056,868.87,869.0,False,1718069384357
865,24906251,0.772,629.72,629.7,630.0,486.14384,486.14,486.0,False,1718069384357
866,24906252,0.772,758.6,758.6,759.0,585.6392,585.64,586.0,False,1718069384357
867,24906253,0.772,64.76,64.8,65.0,49.99472,49.99,50.0,False,1718069387582
868,24906254,0.772,359.69,359.7,360.0,277.68068,277.68,278.0,False,1718069387587
869,24906255,0.772,2259.08,2259.1,2259.0,1744.00976,1744.01,1744.0,False,1718069387587
870,24906256,0.772,527.73,527.7,528.0,407.40756,407.41,407.0,False,1718069387587
871,24906257,0.772,2237.55,2237.6,2238.0,1727.3886,1727.39,1727.0,False,1718069387587
872,24906258,0.772,253.19,253.2,253.0,195.46268,195.46,195.0,False,1718069387587
873,24906259,0.772,12.93,12.9,13.0,9.98196,9.98,10.0,False,1718069387587
874,24906260,0.772,639.76,639.8,640.0,493.89472,493.89,494.0,False,1718069387587
875,24906261,0.772,1650.38,1650.4,1650.0,1274.09336,1274.09,1274.0,False,1718069387587
876,24906262,0.772,540.68,540.7,541.0,417.40496,417.4,417.0,False,1718069387587
877,24906263,0.772,1048.4,1048.4,1048.0,809.3648,809.36,809.0,False,1718069387587
878,24906264,0.772,87.16,87.2,87.0,67.28752,67.29,67.0,False,1718069387587
879,24906265,0.772,781.18,781.2,781.0,603.07096,603.07,603.0,False,1718069387587
880,24906266,0.772,618.35,618.4,618.0,477.3662,477.37,477.0,False,1718069387587
881,24906267,0.772,87.16,87.2,87.0,67.28752,67.29,67.0,False,1718069387587
882,24906268,0.772,87.16,87.2,87.0,67.28752,67.29,67.0,False,1718069387587
883,24906269,0.772,87.16,87.2,87.0,67.28752,67.29,67.0,False,1718069387587
884,24906270,0.772,87.16,87.2,87.0,67.28752,67.29,67.0,False,1718069387587
885,24906271,0.772,87.16,87.2,87.0,67.28752,67.29,67.0,False,1718069387587
886,24906272,0.772,87.16,87.2,87.0,67.28752,67.29,67.0,False,1718069387587
887,24906273,0.772,87.16,87.2,87.0,67.28752,67.29,67.0,False,1718069387587
888,24906274,0.772,87.16,87.2,87.0,67.28752,67.29,67.0,False,1718069387587
889,24906275,0.772,87.12,87.1,87.0,67.25664,67.26,67.0,False,1718069387587
890,24906276,0.773,70.0,70.0,70.0,54.11,54.11,54.0,False,1718069396750
891,24906277,0.772,121.02,121.0,121.0,93.42744,93.43,93.0,True,1718069400196
892,24906278,0.772,468.0,468.0,468.0,361.296,361.3,361.0,True,1718069400197
893,24906279,0.772,125.85,125.8,126.0,97.1562,97.16,97.0,True,1718069400198
894,24906280,0.772,84.37,84.4,84.0,65.13364,65.13,65.0,True,1718069400199
895,24906281,0.772,1184.58,1184.6,1185.0,914.49576,914.5,914.0,True,1718069400199
896,24906282,0.772,629.72,629.7,630.0,486.14384,486.14,486.0,True,1718069400199
897,24906283,0.772,1183.06,1183.1,1183.0,913.32232,913.32,913.0,True,1718069400199
898,24906284,0.772,504.78,504.8,505.0,389.69016,389.69,390.0,True,1718069400199
899,24906285,0.772,12.93,12.9,13.0,9.98196,9.98,10.0,True,1718069400199
900,24906286,0.772,116.75,116.8,117.0,90.131,90.13,90.0,True,1718069400199
901,24906287,0.772,18.66,18.7,19.0,14.40552,14.41,14.0,True,1718069400199
902,24906288,0.772,2341.37,2341.4,2341.0,1807.53764,1807.54,1808.0,True,1718069400201
903,24906289,0.772,445.37,445.4,445.0,343.82564,343.83,344.0,True,1718069400204
904,24906290,0.772,77.15,77.2,77.0,59.5598,59.56,60.0,True,1718069400204
905,24906291,0.772,44.06,44.1,44.0,34.01432,34.01,34.0,True,1718069400204
906,24906292,0.772,126.59,126.6,127.0,97.72748,97.73,98.0,False,1718069400679
907,24906293,0.772,629.72,629.7,630.0,486.14384,486.14,486.0,False,1718069400679
908,24906294,0.772,12.93,12.9,13.0,9.98196,9.98,10.0,False,1718069400679
909,24906295,0.772,64.65,64.6,65.0,49.9098,49.91,50.0,False,1718069400679
910,24906296,0.772,2917.46,2917.5,2917.0,2252.27912,2252.28,2252.0,False,1718069400679
911,24906297,0.772,65.47,65.5,65.0,50.54284,50.54,51.0,True,1718069401529
912,24906298,0.773,225.28,225.3,225.0,174.14144,174.14,174.0,False,1718069414146
913,24906299,0.773,474.32,474.3,474.0,366.64936,366.65,367.0,False,1718069419053
914,24906300,0.772,9.39,9.4,9.0,7.24908,7.25,7.0,True,1718069425364
915,24906301,0.773,1123.8,1123.8,1124.0,868.6974,868.7,869.0,False,1718069429914
916,24906302,0.773,185.98,186.0,186.0,143.76254,143.76,144.0,False,1718069429914
917,24906303,0.773,527.73,527.7,528.0,407.93529,407.94,408.0,False,1718069429914
918,24906304,0.773,2259.08,2259.1,2259.0,1746.26884,1746.27,1746.0,False,1718069429914
919,24906305,0.773,4010.21,4010.2,4010.0,3099.89233,3099.89,3100.0,False,1718069429914
920,24906306,0.773,4324.2,4324.2,4324.0,3342.6066,3342.61,3343.0,False,1718069429914
921,24906307,0.773,2876.12,2876.1,2876.0,2223.24076,2223.24,2223.0,False,1718069429916
922,24906308,0.773,2440.96,2441.0,2441.0,1886.86208,1886.86,1887.0,False,1718069429917
923,24906309,0.773,15.58,15.6,16.0,12.04334,12.04,12.0,False,1718069429917
924,24906310,0.773,2370.55,2370.6,2371.0,1832.43515,1832.44,1832.0,False,1718069429917
925,24906311,0.773,194.04,194.0,194.0,149.99292,149.99,150.0,False,1718069429917
926,24906312,0.773,388.09,388.1,388.0,299.99357,299.99,300.0,False,1718069429917
927,24906313,0.773,3382.78,3382.8,3383.0,2614.88894,2614.89,2615.0,False,1718069429917
928,24906314,0.773,1239.48,1239.5,1239.0,958.11804,958.12,958.0,False,1718069429917
929,24906315,0.773,428.82,428.8,429.0,331.47786,331.48,331.0,False,1718069429917
930,24906316,0.773,785.49,785.5,785.0,607.18377,607.18,607.0,False,1718069429917
931,24906317,0.773,87.06,87.1,87.0,67.29738,67.3,67.0,False,1718069429917
932,24906318,0.773,790.65,790.6,791.0,611.17245,611.17,611.0,False,1718069429917
933,24906319,0.773,4110.15,4110.2,4110.0,3177.14595,3177.15,3177.0,False,1718069429917
934,24906320,0.773,87.06,87.1,87.0,67.29738,67.3,67.0,False,1718069429917
935,24906321,0.773,87.06,87.1,87.0,67.29738,67.3,67.0,False,1718069429917
936,24906322,0.773,87.06,87.1,87.0,67.29738,67.3,67.0,False,1718069429917
937,24906323,0.773,87.06,87.1,87.0,67.29738,67.3,67.0,False,1718069429917
938,24906324,0.773,87.06,87.1,87.0,67.29738,67.3,67.0,False,1718069429917
939,24906325,0.773,87.06,87.1,87.0,67.29738,67.3,67.0,False,1718069429917
940,24906326,0.773,87.06,87.1,87.0,67.29738,67.3,67.0,False,1718069429917
941,24906327,0.773,87.06,87.1,87.0,67.29738,67.3,67.0,False,1718069429917
942,24906328,0.773,87.01,87.0,87.0,67.25873,67.26,67.0,False,1718069429917
943,24906329,0.773,55.75,55.8,56.0,43.09475,43.09,43.0,True,1718069429953
944,24906330,0.773,629.72,629.7,630.0,486.77356,486.77,487.0,True,1718069432614
945,24906331,0.773,1183.05,1183.0,1183.0,914.49765,914.5,914.0,True,1718069432614
946,24906332,0.773,189.49,189.5,189.0,146.47577,146.48,146.0,True,1718069432614
947,24906333,0.773,1181.66,1181.7,1182.0,913.42318,913.42,913.0,True,1718069432614
948,24906334,0.773,1077.42,1077.4,1077.0,832.84566,832.85,833.0,True,1718069432614
949,24906335,0.773,527.73,527.7,528.0,407.93529,407.94,408.0,True,1718069432614
950,24906336,0.773,92.99,93.0,93.0,71.88127,71.88,72.0,True,1718069432614
951,24906337,0.773,3235.51,3235.5,3236.0,2501.04923,2501.05,2501.0,True,1718069432614
952,24906338,0.773,12.91,12.9,13.0,9.97943,9.98,10.0,True,1718069432614
953,24906339,0.773,9.96,10.0,10.0,7.69908,7.7,8.0,True,1718069432614
954,24906340,0.773,15.98,16.0,16.0,12.35254,12.35,12.0,True,1718069432614
955,24906341,0.773,35.5,35.5,36.0,27.4415,27.44,27.0,False,1718069453678
956,24906342,0.773,6.86,6.9,7.0,5.30278,5.3,5.0,False,1718069454051
957,24906343,0.773,12.93,12.9,13.0,9.99489,9.99,10.0,False,1718069458353
958,24906344,0.773,74.91,74.9,75.0,57.90543,57.91,58.0,False,1718069458966
959,24906345,0.773,1051.33,1051.3,1051.0,812.67809,812.68,813.0,False,1718069465685
960,24906346,0.773,527.73,527.7,528.0,407.93529,407.94,408.0,False,1718069465685
961,24906347,0.773,1181.66,1181.7,1182.0,913.42318,913.42,913.0,False,1718069465685
962,24906348,0.773,12.91,12.9,13.0,9.97943,9.98,10.0,False,1718069465685
963,24906349,0.773,9.96,10.0,10.0,7.69908,7.7,8.0,False,1718069465685
964,24906350,0.773,767.01,767.0,767.0,592.89873,592.9,593.0,False,1718069465685
965,24906351,0.773,325.4,325.4,325.0,251.5342,251.53,252.0,False,1718069465685
966,24906352,0.773,808.84,808.8,809.0,625.23332,625.23,625.0,False,1718069465689
967,24906353,0.773,294.56,294.6,295.0,227.69488,227.69,228.0,False,1718069465689
968,24906354,0.773,1183.06,1183.1,1183.0,914.50538,914.51,915.0,False,1718069465689
969,24906355,0.773,11.02,11.0,11.0,8.51846,8.52,9.0,True,1718069468579
970,24906356,0.773,12.61,12.6,13.0,9.74753,9.75,10.0,True,1718069474770
971,24906357,0.774,50.77,50.8,51.0,39.29598,39.3,39.0,False,1718069483546
972,24906358,0.774,32.23,32.2,32.0,24.94602,24.95,25.0,False,1718069483649
973,24906359,0.773,229.02,229.0,229.0,177.03246,177.03,177.0,True,1718069490257
974,24906360,0.774,7.78,7.8,8.0,6.02172,6.02,6.0,False,1718069516753
975,24906361,0.774,258.74,258.7,259.0,200.26476,200.26,200.0,False,1718069524201
976,24906362,0.774,71.95,72.0,72.0,55.6893,55.69,56.0,False,1718069533836
977,24906363,0.774,10.39,10.4,10.0,8.04186,8.04,8.0,False,1718069536994
978,24906364,0.773,3145.14,3145.1,3145.0,2431.19322,2431.19,2431.0,True,1718069545617
979,24906365,0.773,90.37,90.4,90.0,69.85601,69.86,70.0,True,1718069545617
980,24906366,0.773,12.91,12.9,13.0,9.97943,9.98,10.0,True,1718069545617
981,24906367,0.773,19.4,19.4,19.0,14.9962,15.0,15.0,True,1718069545617
982,24906368,0.773,178.52,178.5,179.0,137.99596,138.0,138.0,True,1718069545617
983,24906369,0.773,625.39,625.4,625.0,483.42647,483.43,483.0,True,1718069545617
984,24906370,0.773,3595.96,3596.0,3596.0,2779.67708,2779.68,2780.0,True,1718069545617
985,24906371,0.773,1414.41,1414.4,1414.0,1093.33893,1093.34,1093.0,True,1718069545617
986,24906372,0.773,1239.48,1239.5,1239.0,958.11804,958.12,958.0,True,1718069545627
987,24906373,0.773,1544.0,1544.0,1544.0,1193.512,1193.51,1194.0,True,1718069545628
988,24906374,0.773,3876.0,3876.0,3876.0,2996.148,2996.15,2996.0,True,1718069545628
989,24906375,0.773,1000.0,1000.0,1000.0,773.0,773.0,773.0,True,1718069545628
990,24906376,0.773,215.64,215.6,216.0,166.68972,166.69,167.0,True,1718069545631
991,24906377,0.773,6.72,6.7,7.0,5.19456,5.19,5.0,True,1718069545631
992,24906378,0.773,776.22,776.2,776.0,600.01806,600.02,600.0,True,1718069545631
993,24906379,0.773,176.11,176.1,176.0,136.13303,136.13,136.0,True,1718069545631
994,24906380,0.773,139.64,139.6,140.0,107.94172,107.94,108.0,True,1718069545631
995,24906381,0.773,261.3,261.3,261.0,201.9849,201.98,202.0,False,1718069551775
996,24906382,0.773,20.87,20.9,21.0,16.13251,16.13,16.0,False,1718069551895
997,24906383,0.772,438.82,438.8,439.0,338.76904,338.77,339.0,True,1718069552617
998,24906384,0.773,48.03,48.0,48.0,37.12719,37.13,37.0,False,1718069554242
999,24906385,0.772,27.14,27.1,27.0,20.95208,20.95,21.0,True,1718069560857
